{"Points": {"Calc_power": {"0": 40568.58856525349, "1": 17263.37811582731, "2": 3614.2152399825704, "3": 445313.70770083833, "4": 24088.908901200833, "5": 51265.29476511259, "6": 58543.689204873175, "7": 327915.1928344988, "8": 241.56162206188677, "9": 27301.964194359447, "10": 57983.446323818906, "11": 62874.786052154486, "12": 203088.59527688762, "13": 665745.8933634545, "14": 1293054.4745493135, "15": 1455444.4450063577, "16": 500353.93603092, "17": 34231.35468782474, "18": 22928.350596199813, "19": 64905.21993014823, "20": 88717.69424647777, "21": 19880.185511142136, "22": 49956.15249951303, "23": 47498.88762443552, "24": 209231.50176233563, "25": 352092.0172467837, "26": 186658.97895427182, "27": 80078.65842618633, "28": 32581.315149942584, "29": 271916.65725059935, "30": 1036558.1704547562, "31": 1740691.2893897686, "32": 577615.4638813301, "33": 400658.5485775761, "34": 490623.8021339828, "35": 119126.52737378996, "36": 189597.75409631256, "37": 28626.431398329783, "38": 495968.1931145287, "39": 1654042.0364267537, "40": 1534833.4242986615, "41": 214208.9580796647, "42": 51851.88542051474, "43": 75055.89951090771, "44": 396531.0978861769, "45": 151155.7894706185, "46": 179326.52037351142, "47": 210919.36961454604, "48": 116007.538446157, "49": 143100.91166950975, "50": 790578.6836117202, "51": 144403.87341864224, "52": 30769.967491103056, "53": 471920.5742492639, "54": 132865.19204089785, "55": 1325462.6246037048, "56": 742228.3098088646, "57": 969021.6300176188, "58": 1185055.5674413003, "59": 837319.2715561646, "60": 2197105.0489586983, "61": 2023562.6423034852, "62": 1748095.096731515, "63": 4393950.440888218, "64": 3215905.579950643, "65": 258390.05931500238, "66": 483099.60669287713, "67": 385997.04378792684, "68": 245720.38350120778, "69": 104330.39088763938, "70": 187785.90460909635, "71": 149616.61533628}, "Wind_speed": {"0": 2.343707981883461, "1": 1.762850408529467, "2": 1.0467545819671438, "3": 5.208694519632848, "4": 1.9699078434434714, "5": 2.5338526304564795, "6": 2.648501532198324, "7": 4.703567482015694, "8": 0.4247983736672456, "9": 2.05386312300882, "10": 2.6400260236290247, "11": 2.712266582330152, "12": 4.009301454488613, "13": 5.955840130812865, "14": 7.430975112999805, "15": 7.7298679925273674, "16": 5.415010542540221, "17": 2.214699946405875, "18": 1.9377502620138154, "19": 2.7411538300636256, "20": 3.0421242521367695, "21": 1.8477661658615336, "22": 2.512097707722619, "23": 2.470214572002286, "24": 4.0493242754991865, "25": 4.816433767892033, "26": 3.8981315841720607, "27": 2.9399896119497693, "28": 2.1785276173504595, "29": 4.418947113379666, "30": 6.903003486415422, "31": 8.205041556981207, "32": 5.68049877077668, "33": 5.028421455604096, "34": 5.379679516735857, "35": 3.356162859129322, "36": 3.918482659068944, "37": 2.0865522776985426, "38": 5.399142726629014, "39": 8.06657260671454, "40": 7.867932325564285, "41": 4.081183065527315, "42": 2.54348033304501, "43": 2.877189572789097, "44": 5.011094780767798, "45": 3.633416033351727, "46": 3.846405262607764, "47": 4.06018374231296, "48": 3.3266129222157073, "49": 3.567694562873645, "50": 6.306986476118694, "51": 3.5784900491275713, "52": 2.1373839578255787, "53": 5.310431814018966, "54": 3.4805184439910395, "55": 7.492545028897942, "56": 6.175697825731233, "57": 6.7497034138173655, "58": 7.218048091765711, "59": 6.4289082627066385, "60": 8.867281049372892, "61": 8.627383113419814, "62": 8.216658133589641, "63": 11.171853989812345, "64": 10.067955702962976, "65": 4.344423292981476, "66": 5.3520368414844866, "67": 4.966321826482501, "68": 4.272223138197512, "69": 3.2110259191170396, "70": 3.9059606450338062, "71": 3.621041272561693}}}