{"Points": {"Calc_power": {"0": 192642.16424281232, "1": 341797.591081913, "2": 210163.28863046915, "3": 57065.330948081384, "4": 39257.65656629181, "5": 246769.60986961328, "6": 1049866.1115478915, "7": 2104559.611682631, "8": 1040271.3244534688, "9": 658367.2480343011, "10": 889231.0316754307, "11": 247891.14243345484, "12": 297252.54405197134, "13": 48024.33729461192, "14": 421439.28746854025, "15": 1399146.1434562171, "16": 1423618.214410137, "17": 235132.83661979463, "18": 50096.41120896165, "19": 64251.717857638636, "20": 297484.4222308521, "21": 140097.2685312182, "22": 192664.3512635697, "23": 182971.41882149156, "24": 128974.50791662869, "25": 128036.34371704, "26": 932128.2390546027, "27": 126269.22963771714, "28": 31655.040138522618, "29": 465204.53193109186, "30": 162434.02731296362, "31": 1568939.3402502257, "32": 1166438.6246404855, "33": 1335992.313123728, "34": 1593839.7879730556, "35": 1093748.822133075, "36": 2560216.938506554, "37": 2201777.3927852483, "38": 1531276.2645307274, "39": 4003067.101093664, "40": 3093941.5823719576, "41": 323245.1483981731, "42": 550460.4146977603, "43": 398858.8720509908, "44": 174065.007533783, "45": 95196.47510791705, "46": 192548.5965849733, "47": 100281.15068464255, "48": 48044.25787102374, "49": 311045.6303774339, "50": 255606.87069735787, "51": 16034.889097931804, "52": 175197.5143974088, "53": 48261.5206762457, "54": 102046.63606160272, "55": 315620.67872734886, "56": 883324.0205325516, "57": 1309478.4018691338, "58": 2640412.6970793037, "59": 1768885.1948339343, "60": 1314715.8969200416, "61": 1498577.2898692156, "62": 1286952.698052081, "63": 740524.6204598006, "64": 1182558.964701982, "65": 379044.85509275383, "66": 217372.61340471703, "67": 62099.029637204665, "68": 43238.190910207806, "69": 206266.88070565197, "70": 81467.13028478056, "71": 127425.92052858362}, "Wind_speed": {"0": 3.9393446864759056, "1": 4.769027925758758, "2": 4.055326430920152, "3": 2.6260176843095255, "4": 2.3181862388767978, "5": 4.278295303180989, "6": 6.9324195574030725, "7": 8.740989734769878, "8": 6.9112362996867, "9": 5.933754930407165, "10": 6.559112345704039, "11": 4.284766922174388, "12": 4.552137723942588, "13": 2.4792899874571876, "14": 5.113895776505559, "15": 7.628887774979255, "16": 7.673109189139485, "17": 4.209959914826808, "18": 2.51444652982215, "19": 2.7319229563286784, "20": 4.553321080294608, "21": 3.5425562563793576, "22": 3.939495914994073, "23": 3.87229068599385, "24": 3.4462080522148875, "25": 3.4378317713847046, "26": 6.662932619789384, "27": 3.421942517890925, "28": 2.1576839074587424, "29": 5.285119911956652, "30": 3.721624371073119, "31": 7.925784332002495, "32": 7.180050470705373, "33": 7.5123333818123825, "34": 7.967494170390599, "35": 7.027692208041405, "36": 9.331091651916541, "37": 8.873562292292501, "38": 7.861849332839894, "39": 10.830233571503033, "40": 9.939035369956285, "41": 4.68113182474244, "42": 5.590048346637986, "43": 5.020881273274773, "44": 3.8084128694986616, "45": 3.1144437317018023, "46": 3.9387067940225933, "47": 3.168934790943167, "48": 2.479632744630827, "49": 4.6214852139262455, "50": 4.328768634783801, "51": 1.7200016090206514, "52": 3.8166544905153064, "53": 2.483364872397405, "54": 3.187423453812386, "55": 4.644033559682295, "56": 6.544556376200285, "57": 7.462304724532822, "58": 9.427520175368004, "59": 8.24910342416712, "60": 7.472240434287426, "61": 7.805485391696227, "62": 7.4192680376902125, "63": 6.170969033176327, "64": 7.212975680292569, "65": 4.936324884182163, "66": 4.101176642428258, "67": 2.7010656356474994, "68": 2.394028803332105, "69": 4.03010814229673, "70": 2.9568843529372457, "71": 3.4323596895177593}}}