{"Points": {"Calc_power": {"0": 17519.969669922848, "1": 38850.42451123779, "2": 45937.10818234183, "3": 15148.225287948395, "4": 3131.8176585793635, "5": 112626.83912824772, "6": 257700.48578956685, "7": 14749.657649199129, "8": 213637.7578655064, "9": 514110.4700794893, "10": 468826.80985392444, "11": 647296.7934540011, "12": 746045.4176080253, "13": 914914.8805620534, "14": 1759622.1443130767, "15": 526767.9949007616, "16": 579842.3884111235, "17": 867745.0761649646, "18": 310963.72648287227, "19": 193341.34093951082, "20": 146617.1500078734, "21": 18682.512234615715, "22": 411419.43433440157, "23": 79705.23184652562, "24": -153.8204995346069, "25": 17274.044487471536, "26": 15912.715887081555, "27": 20983.900171784193, "28": 106649.48872744714, "29": 51649.520094356325, "30": 134607.11557252926, "31": 178722.49165415927, "32": 252249.9443125382, "33": 223094.95387416994, "34": 452026.1068851537, "35": 935527.8372244075, "36": 547423.5215062256, "37": 929813.6004152986, "38": 1707454.8633113173, "39": 702610.0481005515, "40": 664327.7382181705, "41": 370934.1312301325, "42": 98332.57663628536, "43": 161716.57845061933, "44": 93182.71577690895, "45": 50036.7178935239, "46": 74065.62288315002, "47": 53330.602934514565, "48": 1667.0800544369733, "49": 4037.216008468618, "50": 6274.059418817461, "51": 8797.577234784474, "52": 29950.52965267645, "53": 76335.11311034179, "54": 226898.76803630192, "55": 225733.23929290834, "56": 269783.9813434954, "57": 263569.38204517716, "58": 440316.53982601216, "59": 502032.95497312275, "60": 438990.67804090556, "61": 995920.246328326, "62": 1578073.230846559, "63": 597545.5021689425, "64": 451935.43905272253, "65": 472737.5161872898, "66": 231886.0143185562, "67": 336597.4774954704, "68": 194037.96206557297, "69": 183785.61163507044, "70": 172959.304825851, "71": 101024.43300293418}, "Wind_speed": {"0": 1.7715414420125266, "1": 2.3101426023322436, "2": 2.4428384683016464, "3": 1.6876955999681635, "4": 0.9979428919610056, "5": 3.2939790416911645, "6": 4.340555151089955, "7": 1.6727620986459524, "8": 4.077552268439252, "9": 5.464188620400323, "10": 5.298801850047328, "11": 5.9003080295655295, "12": 6.186266455541091, "13": 6.62166334364959, "14": 8.23467896587455, "15": 5.508668773604883, "16": 5.68778956121168, "17": 6.5058530926045055, "18": 4.621079538328557, "19": 3.944104759922315, "20": 3.596679923868148, "21": 1.8098890732620532, "22": 5.073042109278067, "23": 2.9354125237534787, "24": -0.3654642823538641, "25": 1.7632133994076187, "26": 1.7156221153602749, "27": 1.8813471368969492, "28": 3.2346437697183057, "29": 2.540167156950065, "30": 3.495662849256532, "31": 3.842081766164673, "32": 4.309734926139555, "33": 4.136853252946824, "34": 5.234735056073016, "35": 6.671022998632669, "36": 5.579749273991558, "37": 6.657412969988845, "38": 8.152483783920031, "39": 6.063801625658715, "40": 5.9516081308426925, "41": 4.900861903598666, "42": 3.14827508718334, "43": 3.7161369823182353, "44": 3.0923263482564165, "45": 2.513447420956167, "46": 2.8644797703869442, "47": 2.5674324789332785, "48": 0.80877121303833, "49": 1.0860942852241857, "50": 1.2580263627427897, "51": 1.4080818344822599, "52": 2.1182393683281124, "53": 2.8934433520069334, "54": 4.160232275150197, "55": 4.153096645698544, "56": 4.40736399522742, "57": 4.373258871089941, "58": 5.189137748737787, "59": 5.421060762692675, "60": 5.183924077772017, "61": 6.811588236229216, "62": 7.941135088161032, "63": 5.745094722993624, "64": 5.234385036601001, "65": 5.313494344556574, "66": 4.190492344944457, "67": 4.74471887262391, "68": 3.9488360353850345, "69": 3.8780258737215636, "70": 3.800331749975847, "71": 3.176744891507437}}}