{"Points": {"Calc_power": {"0": 45512.114008433404, "1": 53185.33740398014, "2": 44917.10349740342, "3": 6588.0181185609945, "4": 24412.02367203729, "5": 29478.42600864881, "6": 93191.75632851975, "7": 81295.81509513462, "8": 132650.80309312107, "9": 130949.7291172012, "10": 199301.6673633057, "11": 347918.9634247659, "12": 595869.5502963173, "13": 659019.7712068609, "14": 663862.2479890013, "15": 373095.8073776926, "16": 70965.74552657144, "17": 40156.708930257344, "18": 51074.97708325772, "19": 35490.31715575996, "20": 101691.98689628408, "21": 99263.47325582219, "22": 42625.88538780484, "23": 58061.59050360774, "24": 58995.11075587763, "25": 81702.68813158032, "26": 56480.58361198552, "27": 15069.45224068856, "28": 55374.04211475299, "29": 44540.213065399024, "30": 124399.1190871706, "31": 157758.83237961726, "32": 165112.99589400698, "33": 225253.67709594988, "34": 270674.9358702389, "35": 418267.08135734574, "36": 719647.9415714052, "37": 806803.2533999045, "38": 643224.9198557375, "39": 371579.03886365803, "40": 107275.21544970218, "41": 69442.99267054867, "42": 77884.2971625335, "43": 36577.48924035168, "44": 117473.72559280971, "45": 169057.76498277677, "46": 59928.525737944365, "47": 74748.36518382082, "48": 94543.47488599012, "49": 78365.37011184826, "50": 91485.12882387394, "51": 18823.727801912715, "52": 80074.15449636237, "53": 58814.336271079395, "54": 152507.70442190146, "55": 192018.4601522705, "56": 233676.6647639534, "57": 305735.5267819362, "58": 329429.34802458994, "59": 541857.7722783838, "60": 805242.555159785, "61": 892699.9838528597, "62": 781041.8304645923, "63": 563547.3795101574, "64": 162036.54997196115, "65": 123732.74369943213, "66": 66031.69211291953, "67": 68227.15514397941, "68": 206817.88835617717, "69": 155932.80898588544, "70": 80983.39663870003, "71": 84735.41835558433}, "Wind_speed": {"0": 2.4352816848319265, "1": 2.5650992433251276, "2": 2.4246224046013913, "3": 1.278669956903666, "4": 1.9786764906486025, "5": 2.10705059082048, "6": 3.0924263504641227, "7": 2.9548102456901075, "8": 3.4786454016510597, "9": 3.463711682828753, "10": 3.9842248847532957, "11": 4.797329698603304, "12": 5.73971855328503, "13": 5.935714644192436, "14": 5.950217721362463, "15": 4.910363647276757, "16": 2.823946444657219, "17": 2.335749353028344, "18": 2.530713177484435, "19": 2.2415245156405, "20": 3.18372668279951, "21": 3.158178616875107, "22": 2.3826742460184667, "23": 2.641211477252632, "24": 2.6552915083464574, "25": 2.959731501519762, "26": 2.6170172876065707, "27": 1.6847650908311147, "28": 2.5998139827341546, "29": 2.4178218410386414, "30": 3.40496486309832, "31": 3.6855708196211494, "32": 3.7419727353823506, "33": 4.150153525411806, "34": 4.412210398785139, "35": 5.101032551813863, "36": 6.11242526499251, "37": 6.349839477980528, "38": 5.887909871947687, "39": 4.903700478855335, "40": 3.240957466280027, "41": 2.803601880039061, "42": 2.912886088196553, "43": 2.2641828511342417, "44": 3.34056900373753, "45": 3.771538748908436, "46": 2.6692222170243167, "47": 2.873254524238134, "48": 3.1073062111958056, "49": 2.9188711858512377, "50": 3.0734326526667664, "51": 1.8144377698746958, "52": 2.939934492165404, "53": 2.652576593668129, "54": 3.644216143483009, "55": 3.9350887096189, "56": 4.20125118640142, "57": 4.595035123221752, "58": 4.710795974235894, "59": 5.560774731514123, "60": 6.345742411236859, "61": 6.567630463368864, "62": 6.281523145668303, "63": 5.63400218670789, "64": 3.7185862769521894, "65": 3.3988741223660663, "66": 2.7569211290690387, "67": 2.7871432289137505, "68": 4.033693539366203, "69": 3.6712957125853896, "70": 2.951020291189611, "71": 2.9959083654717995}}}