{"Points": {"Calc_power": {"0": 64832.238591075904, "1": 141425.51299122736, "2": 198584.15301757594, "3": 66402.39023653617, "4": 19207.285831351397, "5": 38898.99153118242, "6": 500442.40685358044, "7": 380534.353739836, "8": 462840.59168389783, "9": 997277.0317562242, "10": 512934.7447826351, "11": 1763782.681074523, "12": 2600079.1723587113, "13": 4455963.027842535, "14": 1780282.0838970796, "15": 1316278.926148175, "16": 1438588.8326205104, "17": 2226646.376502734, "18": 1749736.967955953, "19": 1343739.6399327219, "20": 368738.9464053063, "21": 1016108.0758840046, "22": 784706.8705412318, "23": 184215.6633981129, "24": 46457.122144337234, "25": 95659.10097622285, "26": 67213.89514487646, "27": 70151.03624524099, "28": 15829.458331641461, "29": 20631.60877831641, "30": 352556.80523005745, "31": 320134.3967621828, "32": 323266.90073202946, "33": 941975.6382940375, "34": 659884.4593382135, "35": 2801136.029525171, "36": 3215468.5850326293, "37": 6218484.077216616, "38": 1667544.3080155791, "39": 1468002.9781030612, "40": 2023683.7484299291, "41": 2173526.030277689, "42": 1771760.818139428, "43": 1160758.599029533, "44": 410051.7910007881, "45": 828161.4781823263, "46": 708068.6661471396, "47": 121048.65355140631, "48": 76330.1001574336, "49": 118845.33401103254, "50": 60537.58497325231, "51": 152500.27622713993, "52": 14415.971586267633, "53": 41438.11911805496, "54": 371116.04634372046, "55": 285986.04448253417, "56": 182876.951209022, "57": 734507.6772184572, "58": 324085.79248201835, "59": 1834755.8718526892, "60": 2214839.5858557965, "61": 4657349.646615747, "62": 1819563.5840084294, "63": 1478732.9026299145, "64": 1378434.812573725, "65": 1857710.656122282, "66": 1461176.9548587282, "67": 1442619.5329824872, "68": 429444.62878209306, "69": 738360.4160997565, "70": 1157281.9879597423, "71": 271994.7598854876}, "Wind_speed": {"0": 2.740126033398133, "1": 3.5537165695697466, "2": 3.9794378767818355, "3": 2.762070570412425, "4": 1.826678846065362, "5": 2.3111048399672525, "6": 5.415329678102631, "7": 4.942782377794233, "8": 5.276152580351756, "9": 6.814680073486671, "10": 5.460020068615355, "11": 8.241164016757851, "12": 9.379270412684779, "13": 11.224165435662346, "14": 8.266781776272236, "15": 7.4752004413048825, "16": 7.699911989984045, "17": 8.906846130403288, "18": 8.219229784894804, "19": 7.526826569647361, "20": 4.891175017324498, "21": 6.857305539895192, "22": 6.2913331696849175, "23": 3.881048331448479, "24": 2.4520216517326343, "25": 3.1194806637567982, "26": 2.7732768158567582, "27": 2.813098223986536, "28": 1.7126247567684763, "29": 1.8707592344255983, "30": 4.818552187794099, "31": 4.666067095605358, "32": 4.681236825811338, "33": 6.686313827254433, "34": 5.938309558179619, "35": 9.615051163545683, "36": 10.067499652594446, "37": 12.543008267709862, "38": 8.08846282434837, "39": 7.752037147989477, "40": 8.627555220456093, "41": 8.835446094182057, "42": 8.253571110251828, "43": 7.168376975167092, "44": 5.067414588408793, "45": 6.405384553480017, "46": 6.079464475247324, "47": 3.374117383398139, "48": 2.8933800128165483, "49": 3.3535200829637155, "50": 2.6782342741908325, "51": 3.6441569762278636, "52": 1.6600512863858432, "53": 2.3603344465247478, "54": 4.901662939928376, "55": 4.493883539288118, "56": 3.871624153790474, "57": 6.154210017449671, "58": 4.6851862907290265, "59": 8.350252889765143, "60": 8.891075374480382, "61": 11.390771697194003, "62": 8.32714151186243, "63": 7.770878375831516, "64": 7.591057432737898, "65": 8.384932234887945, "66": 7.740003154427834, "67": 7.707096599498485, "68": 5.14607278792008, "69": 6.164951556179563, "70": 7.16121310222889, "71": 4.419370157677761}}}