{"Points": {"Calc_power": {"0": 3160936.15931076, "1": 936522.596316216, "2": 359762.4885294375, "3": 498251.3682231512, "4": 1374762.2698671066, "5": 358086.85095232987, "6": 2813188.1091195727, "7": 2472132.681433985, "8": 988302.2696793766, "9": 453106.8339646929, "10": 525333.5706730661, "11": 537491.9044855434, "12": 2570636.6501759593, "13": 1821690.185842771, "14": 1189062.3474617442, "15": 5413079.800493799, "16": 746800.0601170429, "17": 273549.37020422664, "18": 30726.030453297724, "19": 141901.75707715156, "20": 313997.5682467424, "21": 86249.76763964107, "22": 145246.54365184932, "23": 224049.96267133526, "24": 1202057.0739305601, "25": 621549.2734108311, "26": 1784845.3177594743, "27": 535412.4639837247, "28": 472316.60295747814, "29": 1885940.2891411402, "30": 948493.3540728246, "31": 605825.5878187729, "32": 1308238.494765212, "33": 905887.4314584814, "34": 461438.44973535405, "35": 263057.6464175623, "36": 3499791.8943644883, "37": 402095.98275495676, "38": 1935808.1523180401, "39": 2257137.28883837, "40": 871851.2937853748, "41": 1104434.463185693, "42": 1003362.3052724372, "43": 1704227.5116023181, "44": 560555.4755958944, "45": 468750.05208934465, "46": 978472.7848968029, "47": 589545.0565840116, "48": 874443.4368508613, "49": 1329383.757243838, "50": 972655.6789895259, "51": 453481.751516021, "52": 1183627.7274862637, "53": 1009608.7012288577, "54": 995721.4045928183, "55": 2701845.2232251777, "56": 4539641.370516376, "57": 1651839.425019486, "58": 3919133.0099539496, "59": 2207070.5508635608, "60": 1186849.9682426902, "61": 980609.228733544, "62": 878989.4083296611, "63": 1730465.8183495621, "64": 2286498.3135862066, "65": 435888.2704503826, "66": 1021527.5507946435, "67": 937711.592238332, "68": 380525.9364455109, "69": 786832.1142936508, "70": 931522.9823434069, "71": 311434.1948813128}, "Wind_speed": {"0": 10.010261924108013, "1": 6.6733866233279935, "2": 4.851158814439418, "3": 5.407414977908386, "4": 7.584309857443227, "5": 4.843615470070045, "6": 9.628821238853272, "7": 9.222828331225866, "8": 6.794176068221212, "9": 5.2389035596315425, "10": 5.503664071190533, "11": 5.545799643129824, "12": 9.343733247533047, "13": 8.330384344401313, "14": 7.226173898345721, "15": 11.976272695624802, "16": 6.188351604041502, "17": 4.4277739352597205, "18": 2.1363661357769312, "19": 3.55770109417899, "20": 4.636059073900969, "21": 3.0136502187700773, "22": 3.5854373243415765, "23": 4.142747764400241, "24": 7.252402448327492, "25": 5.821015030632336, "26": 8.273838911362837, "27": 5.538638565192882, "28": 5.311916877076973, "29": 8.42719116670836, "30": 6.701699704995033, "31": 5.7715093528789545, "32": 7.459948700818373, "33": 6.599812706588186, "34": 5.270819284127565, "35": 4.370426723323534, "36": 10.35589424273374, "37": 5.034427732127234, "38": 8.500822952022487, "39": 8.947317693702857, "40": 6.516098966915072, "41": 7.050504319762784, "42": 6.82851278289707, "43": 8.147344062474366, "44": 5.624014081234536, "45": 5.298512655562185, "46": 6.771576407915038, "47": 5.719339368201439, "48": 6.522550353364105, "49": 7.499926184939255, "50": 6.758130523161111, "51": 5.24034811623273, "52": 7.215147985997862, "53": 6.8426536990513585, "54": 6.811134880591061, "55": 9.500074736144136, "56": 11.293989545223955, "57": 8.062990388725659, "58": 10.754004173502542, "59": 8.8806673974237, "60": 7.221689422975631, "61": 6.776501285499841, "62": 6.5338337563092725, "63": 8.188943500408959, "64": 8.985946490435364, "65": 5.171683361543891, "66": 6.869475216498786, "67": 6.676209574951169, "68": 4.942745933287172, "69": 6.29700771494985, "70": 6.661490165236929, "71": 4.623408830798026}}}