{"Points": {"Calc_power": {"0": 268085.6760266777, "1": 386128.968881509, "2": 223076.8744604825, "3": 330580.39375025977, "4": 15098.243635169696, "5": 230070.11386728764, "6": 1139312.1122696537, "7": 627392.7390040839, "8": 887880.3000419679, "9": 486391.457469348, "10": 1648411.4443384851, "11": 367586.1945315207, "12": 1797105.0099969434, "13": 1420708.2428091888, "14": 3305273.381807986, "15": 946782.2868528405, "16": 1589261.160724815, "17": 955835.6482692034, "18": 566564.9697513756, "19": 452671.75020280876, "20": 260103.9091102358, "21": 131176.62903605052, "22": 172833.06627100604, "23": 458226.80566753715, "24": 166691.56014903588, "25": 225393.31975077555, "26": 299668.0637140831, "27": 260683.3508862989, "28": 263146.08726454666, "29": 250100.17368891474, "30": 695567.1901104011, "31": 357302.0156061332, "32": 523289.08700857294, "33": 675322.1652481321, "34": 663082.1792451497, "35": 1348835.171800184, "36": 800804.3858228251, "37": 1978597.1279779507, "38": 2967106.932936308, "39": 2934665.402333896, "40": 2193311.428132699, "41": 1364163.7283090155, "42": 725167.555211063, "43": 349185.69175843545, "44": 398701.286082455, "45": 90764.04245970915, "46": 20288.93561464583, "47": 109348.43442354856, "48": 306561.2362937734, "49": 128355.6600111683, "50": 130387.10650694156, "51": 107355.12363331008, "52": 125535.46453989917, "53": 293305.8929382907, "54": 658648.614187943, "55": 566198.2670862252, "56": 490644.07299896015, "57": 649341.147205975, "58": 764397.8498067196, "59": 814310.1277047716, "60": 1255071.117267484, "61": 1368117.8530655429, "62": 1785965.0192151924, "63": 1525546.329477245, "64": 869351.5977299486, "65": 654282.2946185003, "66": 355149.5039242198, "67": 243021.5647615738, "68": 230288.02211861903, "69": 140376.12584693197, "70": 166118.8567121791, "71": 119438.2660209104}, "Wind_speed": {"0": 4.398096319784847, "1": 4.966887554341671, "2": 4.136741500976834, "3": 4.716276196834632, "4": 1.6858373677418577, "5": 4.179525078375027, "6": 7.123953966585133, "7": 5.83920015786491, "8": 6.555789590843089, "9": 5.364165631265398, "10": 8.057408950893693, "11": 4.88607276549743, "12": 8.292739402056572, "13": 7.667877505396675, "14": 10.160365434987105, "15": 6.697667358671539, "16": 7.959857440049317, "17": 6.718947911057241, "18": 5.644040298659389, "19": 5.23722618345673, "20": 4.354007365810828, "21": 3.465711082181028, "22": 3.7994069367573884, "23": 5.2585623793628455, "24": 3.753859987216753, "25": 4.151010956828958, "26": 4.564434930113142, "27": 4.35723815492278, "28": 4.370916452396911, "29": 4.297456910002207, "30": 6.043472668729096, "31": 4.8400742237079335, "32": 5.4965151024004095, "33": 5.984261105323489, "34": 5.9478862145433915, "35": 7.536328610637815, "36": 6.334062543224084, "37": 8.563000928367057, "38": 9.801320689312904, "39": 9.765468054829395, "40": 8.862174559873717, "41": 7.564769490222574, "42": 6.1280126717135595, "43": 4.803144801052637, "44": 5.020219949417878, "45": 3.0653364051654437, "46": 1.860344127306575, "47": 3.2617028228781244, "48": 4.59916805655726, "49": 3.44068732616646, "50": 3.458743974633723, "51": 3.241761984969661, "52": 3.415301202159897, "53": 4.5319015058524625, "54": 5.934600112192578, "55": 5.642822355782923, "56": 5.379753605582749, "57": 5.906513137965271, "58": 6.236582693897724, "59": 6.369472668622277, "60": 7.357489394819346, "61": 7.572071445607861, "62": 8.275568714460833, "63": 7.852030901647424, "64": 6.50986554209063, "65": 5.921457124488965, "66": 4.830335209893004, "67": 4.256524498053774, "68": 4.180844191638266, "69": 3.544905131621914, "70": 3.7495559994443717, "71": 3.3590878565727507}}}