{"Points": {"Calc_power": {"0": 290037.1551176924, "1": 262019.83363376933, "2": 422061.2360391691, "3": 420154.8813241023, "4": 219706.8394394331, "5": 364498.3998008119, "6": 479217.9624773627, "7": 676161.6390597865, "8": 429052.8308637467, "9": 381825.4147603484, "10": 495997.1031486197, "11": 405697.5096243388, "12": 955361.4729330585, "13": 1480757.965536537, "14": 2398351.219709826, "15": 1922207.2164559115, "16": 814792.9009235714, "17": 406651.98648580746, "18": 343888.08833125455, "19": 196304.23959391215, "20": 256209.32019494998, "21": 476228.2092873216, "22": 371883.7776099398, "23": 259072.31390176358, "24": 244357.22452997946, "25": 343526.7379573044, "26": 167611.88543978333, "27": 258413.92078532613, "28": 278468.85713104584, "29": 264693.9143351629, "30": 457762.2618210037, "31": 439425.122996542, "32": 416888.956642847, "33": 399723.6660129493, "34": 648589.307807946, "35": 732248.1876777963, "36": 938722.7977426439, "37": 1854209.1568400932, "38": 1844307.7165420107, "39": 1215353.9343447473, "40": 393250.48184337135, "41": 263579.17420054425, "42": 214670.92776314323, "43": 187177.73084143878, "44": 230459.57550493034, "45": 472561.97171720845, "46": 225720.34213835953, "47": 346821.60803268256, "48": 272621.7665979891, "49": 168201.11056681693, "50": 146422.37640970168, "51": 243399.91842069908, "52": 216933.46976832222, "53": 294636.1627688527, "54": 455580.56430105935, "55": 403041.37807186774, "56": 402733.50380431645, "57": 438101.29844292486, "58": 338493.81382825534, "59": 368123.77764621424, "60": 1103412.8411514796, "61": 1298793.9733390422, "62": 1598062.8573127352, "63": 1200725.2182753552, "64": 564035.4888455762, "65": 408484.99109274475, "66": 229315.52747035155, "67": 168113.1552551929, "68": 301354.00995503797, "69": 401251.13041397714, "70": 256409.9524897762, "71": 330013.7391580445}, "Wind_speed": {"0": 4.515003367133637, "1": 4.364671758447162, "2": 5.116410189170434, "3": 5.108695341271292, "4": 4.115804381921934, "5": 4.872352960163839, "6": 5.337663964773598, "7": 5.986739700280231, "8": 5.14450732876746, "9": 4.9483659563274225, "10": 5.399247630108533, "11": 5.049414004901092, "12": 6.717836671773096, "13": 7.774424055487855, "14": 9.130147501441341, "15": 8.480867291897725, "16": 6.370731158572836, "17": 5.053370790461214, "18": 4.778730922909462, "19": 3.9641501211142645, "20": 4.332166845875907, "21": 5.3265405640165095, "22": 4.905040650619574, "23": 4.348243612569986, "24": 4.264308285611747, "25": 4.777056539638673, "26": 3.7607558245199115, "27": 4.344557019922441, "28": 4.454159285396225, "29": 4.3794696243902065, "30": 5.256784759828102, "31": 5.185633595574615, "32": 5.095424018997483, "33": 5.024507362435722, "34": 5.904232639590802, "35": 6.147893016930833, "36": 6.67860853381606, "37": 8.379660818390372, "38": 8.364718448300783, "39": 7.279045879603631, "40": 4.997237083577643, "41": 4.373313028999174, "42": 4.084114827623967, "43": 3.9017393983097084, "44": 4.181882109203859, "45": 5.312836565841467, "46": 4.15301754916614, "47": 4.792280706745704, "48": 4.422763419427626, "49": 3.7651575415042906, "50": 3.5950865479012046, "51": 4.258732308399368, "52": 4.098413001113737, "53": 4.538742555535407, "54": 5.248420168559208, "55": 5.038370239490626, "56": 5.037087013358069, "57": 5.180420895277712, "58": 4.7536125206704885, "59": 4.888453513940859, "60": 7.048329700715304, "61": 7.4419535429719454, "62": 7.974524907684453, "63": 7.249722951930362, "64": 5.635628323558839, "65": 5.060952186349284, "66": 4.174950723507562, "67": 3.7645011380980007, "68": 4.572978833895007, "69": 5.030899279010938, "70": 4.333297361342375, "71": 4.713579900596481}}}