{"Points": {"Calc_power": {"0": 104100.80531976576, "1": 105800.88833991754, "2": 95212.92092332992, "3": 71033.90667652237, "4": 132270.75098137304, "5": 132557.7917225962, "6": 456010.78205183137, "7": 494885.33395565086, "8": 581307.4921061724, "9": 568771.3304935565, "10": 719886.0953579163, "11": 596071.8330025275, "12": 1336703.3277041828, "13": 1695405.3443305704, "14": 1844864.87472154, "15": 1571411.7257534305, "16": 917786.2044574537, "17": 451880.0589566071, "18": 162065.91518410973, "19": 273746.861882309, "20": 238846.7777483355, "21": 60033.10195787007, "22": 121929.30447674687, "23": 122953.43583183578, "24": 90044.3383026918, "25": 117853.7183791522, "26": 109877.9096246945, "27": 70691.25259949538, "28": 90570.01262309431, "29": 112259.8253230427, "30": 393849.36329157697, "31": 360098.3360605788, "32": 555347.1534333683, "33": 459826.197582497, "34": 626801.3068995763, "35": 817174.1453309929, "36": 1683534.55331772, "37": 1504660.5504408404, "38": 1635853.9339985626, "39": 1744145.8531207184, "40": 960654.8567225672, "41": 638079.1033560644, "42": 317937.6204678897, "43": 315327.06167537434, "44": 250058.0692278511, "45": 110903.27667108439, "46": 146128.3423395214, "47": 111766.6089707532, "48": 142132.8004759636, "49": 161481.0570737853, "50": 140516.4056530111, "51": 82643.54641501555, "52": 192229.22979482502, "53": 211809.04686162886, "54": 508036.7518675772, "55": 511436.33631800074, "56": 764807.6911451296, "57": 623307.9619554837, "58": 701028.4059309477, "59": 754200.7219102001, "60": 1484153.1904720652, "61": 1451649.214097458, "62": 1827633.2116379605, "63": 1758862.9813567032, "64": 914418.6014712173, "65": 492516.9560585525, "66": 219147.59190519186, "67": 304232.3884815413, "68": 298986.2983406125, "69": 90019.22774665395, "70": 148355.4212516442, "71": 128539.7586182668}, "Wind_speed": {"0": 3.2086688346653736, "1": 3.2260416573083828, "2": 3.1146230682351663, "3": 2.824850269655376, "4": 3.475320051402534, "5": 3.477832165643896, "6": 5.250071726531884, "7": 5.395210504533765, "8": 5.6925760301605255, "9": 5.651357293543595, "10": 6.113099454221544, "11": 5.7403679764370725, "12": 7.513665832414944, "13": 8.133261119317934, "14": 8.365560679785343, "15": 7.929945383072464, "16": 6.628583144036268, "17": 5.234171220966558, "18": 3.7188108980415957, "19": 4.428839237353007, "20": 4.232009772292303, "21": 2.6707739263710546, "22": 3.382280059095303, "23": 3.391723361423014, "24": 3.0572128053148604, "25": 3.3441670448281413, "26": 3.266958837212259, "27": 2.820300766052891, "28": 3.063150550398611, "29": 3.290397150231835, "30": 4.999772562262846, "31": 4.852667905430968, "32": 5.606541610031422, "33": 5.2646734257265795, "34": 5.837364743897712, "35": 6.376931308094877, "36": 8.114234310722471, "37": 7.81603288374459, "38": 8.036896471041267, "39": 8.210465859537207, "40": 6.730221028927388, "41": 5.872166669707495, "42": 4.655369670299182, "43": 4.642593021943038, "44": 4.297215736956341, "45": 3.277089674127833, "46": 3.5926784772055873, "47": 3.2855712616841486, "48": 3.5596309214459256, "49": 3.7143320654668943, "50": 3.5460855627613177, "51": 2.9710492303819267, "52": 3.936527970478761, "53": 4.065884476881735, "54": 5.442585286117871, "55": 5.454698196197791, "56": 6.237697101673311, "57": 5.8265000942888765, "58": 6.059248142080519, "59": 6.208726286194711, "60": 7.780361503361457, "61": 7.7231433180293605, "62": 8.339433440553858, "63": 8.233494552031676, "64": 6.620465859784626, "65": 5.386590099919134, "66": 4.112309256014634, "67": 4.587492303804483, "68": 4.560970834382131, "69": 3.056928591811024, "70": 3.6108380200421073, "71": 3.4423315158280494}}}