{"Points": {"Calc_power": {"0": 1752.4620526215572, "1": 270786.6678322028, "2": 54093.16170595274, "3": 248427.60325047377, "4": 21002.590836804127, "5": 268267.7978781667, "6": 159096.10689586817, "7": 29574.712901209557, "8": 364164.23451535346, "9": 989361.000990435, "10": 460879.48485342145, "11": 85140.9648292273, "12": 1925.6602893500676, "13": 441768.26928952395, "14": 732594.4869403472, "15": 566424.8319812042, "16": 90792.09892268109, "17": 130497.25561787358, "18": -31.555609691078676, "19": 202039.85279098342, "20": 303470.8856511409, "21": 6654.612759096208, "22": 18496.447746965547, "23": 40188.813401889485, "24": 1497558.2584534953, "25": 423935.6009595021, "26": 133715.162401185, "27": 266282.2348066484, "28": 845583.9163838743, "29": 232826.25966135872, "30": 2261853.905621057, "31": 1494749.3354267126, "32": 666967.6579629626, "33": 371281.76869483036, "34": 149867.55596483967, "35": 134571.76962278376, "36": 1179080.1880543767, "37": 906280.6919932767, "38": 553112.2578827828, "39": 3905699.682577717, "40": 417840.6846398065, "41": 120338.84357686456, "42": 1416.1436356059246, "43": 73983.00219432593, "44": 240230.35329204155, "45": 45639.64111403153, "46": 83436.34659220901, "47": 138025.83274177057, "48": 834350.8012194916, "49": 410302.03016523924, "50": 1378290.418986258, "51": 534837.3701186966, "52": 347553.4890593417, "53": 1727852.1449691143, "54": 735805.0936982875, "55": 281803.30503967433, "56": 1028037.6276258978, "57": 832426.3171142916, "58": 246544.23993254697, "59": 78095.22268968682, "60": 2222383.853611138, "61": 224096.06467273552, "62": 1428989.857670041, "63": 1780800.8943311856, "64": 646003.6472808339, "65": 706437.4441433067, "66": 611639.2562963343, "67": 1391988.7045686934, "68": 553993.3057436929, "69": 330560.8259228739, "70": 733959.2328728687, "71": 454764.7920608393}, "Wind_speed": {"0": 0.8223494517198833, "1": 4.412817421011886, "2": 2.5796116034424705, "3": 4.287855580893504, "4": 1.8819055522176704, "5": 4.399092031483142, "6": 3.6959553602266872, "7": 2.109342219958031, "8": 4.870863544361027, "9": 6.79660131809325, "10": 5.2686901498140575, "11": 3.000680265748806, "12": 0.8485942626510212, "13": 5.1948343779912864, "14": 6.148862030497726, "15": 5.643574916055035, "16": 3.065652219060482, "17": 3.4597176658543107, "18": -0.21554223982277687, "19": 4.002388242894811, "20": 4.583661562073873, "21": 1.282963976997948, "22": 1.8038606145645244, "23": 2.336371648579277, "24": 7.803715749143294, "25": 5.12397296089124, "26": 3.487924575971678, "27": 4.388211966271141, "28": 6.44999093480516, "29": 4.196148539856088, "30": 8.953545598401611, "31": 7.798833633885396, "32": 5.959481253710829, "33": 4.902392445996436, "34": 3.6230645746557757, "35": 3.4953568517137907, "36": 7.205895842583431, "37": 6.600767597265852, "38": 5.599010656466249, "39": 10.741703202228557, "40": 5.0992985695769555, "41": 3.367509355199215, "42": 0.765965662894782, "43": 2.8634142587605638, "44": 4.240165678000511, "45": 2.437554155286321, "46": 2.980519444732587, "47": 3.525009769741143, "48": 6.4213019963277045, "49": 5.068445196214021, "50": 7.590792364396027, "51": 5.536654812235797, "52": 4.795649311795408, "53": 8.184818597895587, "54": 6.157831434942596, "55": 4.471867157023031, "56": 6.884037116519722, "57": 6.416361146077921, "58": 4.276992478222201, "59": 2.9155132682989504, "60": 8.901158969673011, "61": 4.143031891301726, "62": 7.682747885931685, "63": 8.26758473443351, "64": 5.896376269345554, "65": 6.074792338256048, "66": 5.789912273483633, "67": 7.615856810125293, "68": 5.601981951692756, "69": 4.716183139188919, "70": 6.15267788818928, "71": 5.2452856526735685}}}