{"Points": {"Calc_power": {"0": 103704.92798248629, "1": 30594.05040353257, "2": 115650.26254521677, "3": 28587.035277269635, "4": 132736.1651999405, "5": 326421.0556646296, "6": 619215.5942343373, "7": 1203578.4284632818, "8": 1183780.220066319, "9": 4003665.8003088813, "10": 3740244.152748463, "11": 2822374.9422542094, "12": 981457.2088415166, "13": 1078887.4610758447, "14": 826661.986065207, "15": 831169.2753704359, "16": 908293.943926179, "17": 337099.940698643, "18": 74945.4890038377, "19": 373066.5089145577, "20": 27139.130250580543, "21": 12146.233362179895, "22": 5128.555712845184, "23": 43738.76005925504, "24": 39708.493029578196, "25": 5431.385315319586, "26": 175319.58556881963, "27": 152978.18194244924, "28": 481228.49237445084, "29": 192254.23642231958, "30": 297973.7018889483, "31": 536554.2837331673, "32": 1194702.3560185374, "33": 777189.3900840005, "34": 673453.3671961948, "35": 812723.0877039868, "36": 231640.99960674008, "37": 518661.59242011956, "38": 309243.9485673852, "39": 383911.6798760647, "40": 490375.868149424, "41": 1180149.3724415218, "42": 503267.0342554141, "43": 868215.0809846671, "44": 1214924.8089766067, "45": 709773.1282353114, "46": 997816.8092707298, "47": 306190.3831232871, "48": 307022.2999712714, "49": 83033.64334333637, "50": 122126.35479041509, "51": 72653.11019658833, "52": 43758.012327619566, "53": 41618.991377371756, "54": 118511.63253769987, "55": 53878.91106790046, "56": 351118.27236906876, "57": 795985.6109823562, "58": 522948.2636998939, "59": 1208580.6502726285, "60": 1223617.438257168, "61": 1183954.388292734, "62": 655805.7738497888, "63": 509775.5679155719, "64": 820416.3828851343, "65": 559357.8774370091, "66": 956006.4068508899, "67": 389319.9830031763, "68": 448447.0873131419, "69": 851461.3116193758, "70": 322485.02549909835, "71": 105732.16221971632}, "Wind_speed": {"0": 3.2045963306225795, "1": 2.133302909187171, "2": 3.3231943488601488, "3": 2.0855946568308497, "4": 3.4793914225837774, "5": 4.696412709256664, "6": 5.8137206674025546, "7": 7.255460767852293, "8": 7.215457827022821, "9": 10.830773468283102, "10": 10.587827341839057, "11": 9.63929124110714, "12": 6.778454045253699, "13": 6.995717253287109, "14": 6.401516295635632, "15": 6.41312975009642, "16": 6.605651727942046, "17": 4.747078626242478, "18": 2.87577805657721, "19": 4.910235110252703, "20": 2.0497717723364772, "21": 1.5679085917298323, "22": 1.1762651377954343, "23": 2.4032319476613493, "24": 2.3270265311344698, "25": 1.1989757635922256, "26": 3.817540719447398, "27": 3.6479596958286677, "28": 5.345118165069136, "29": 3.936698660823162, "30": 4.555816031214212, "31": 5.542573000190836, "32": 7.237581041678459, "33": 6.271178377579811, "34": 5.97873598572723, "35": 6.365332074966613, "36": 4.189015909621061, "37": 5.48026504099364, "38": 4.612544859738147, "39": 4.957362090234291, "40": 5.378773167096513, "41": 7.208073275410605, "42": 5.425499079913387, "43": 6.507027489128772, "44": 7.278189067207037, "45": 6.08433872623094, "46": 6.815909336605578, "47": 4.597312740132763, "48": 4.601472595751179, "49": 2.975716577546943, "50": 3.3841011160822028, "51": 2.846153178518553, "52": 2.4035845020816344, "53": 2.3637636512077362, "54": 3.350378398460675, "55": 2.5762013465905778, "56": 4.811989562337738, "57": 6.321332073165726, "58": 5.495321531857548, "59": 7.265498407557888, "60": 7.295505998469073, "61": 7.215811677015072, "62": 5.926049547961481, "63": 5.448787513456357, "64": 6.385353928161008, "65": 5.620006085920497, "66": 6.719347997167711, "67": 4.980532345341756, "68": 5.220882696383031, "69": 6.464900415787119, "70": 4.677459660062856, "71": 3.225342982170083}}}