{"Points": {"Calc_power": {"0": 24024.028314641306, "1": 35410.7842126991, "2": 456506.77386701305, "3": 48799.083927618856, "4": 11973.423515408196, "5": 204951.84220769597, "6": 56018.72890510139, "7": 1180081.420828369, "8": 827196.5795462515, "9": 1163466.524262936, "10": 1325152.603473439, "11": 1084827.2569936316, "12": 2035474.747197456, "13": 2786695.354160934, "14": 1638445.375505214, "15": 3056718.7484020847, "16": 2129578.0419953708, "17": 211906.896541402, "18": 377579.8045928664, "19": 358582.02962149755, "20": 64421.392202929695, "21": 39437.117664199075, "22": 123604.14606203271, "23": 44670.174119354575, "24": 11522.724483555814, "25": 37046.85186744455, "26": 68300.10923842929, "27": 5089.259358159335, "28": 78904.83334036716, "29": 14482.081170930776, "30": 53750.7934978602, "31": 263811.8352944432, "32": 764649.2951396549, "33": 1502476.780617135, "34": 2629043.2936099605, "35": 1572142.1554180922, "36": 1054230.606480266, "37": 1968793.3318466851, "38": 1470790.7276629366, "39": 555404.6421866632, "40": 986897.9384829728, "41": 349873.17294098786, "42": 226710.24976702727, "43": 64636.77049141857, "44": 28574.369118674254, "45": 175434.08486041107, "46": 64242.941469744044, "47": 94980.55825673514, "48": 6982.198771619657, "49": 16082.428217955223, "50": 11741.859021898146, "51": 30026.532774108036, "52": 64610.06593455902, "53": 93000.2151897037, "54": 47844.70186601659, "55": 197096.9280575804, "56": 239050.4381611889, "57": 613425.5954523688, "58": 1588972.2840365772, "59": 1562747.9539419026, "60": 1046883.9280965833, "61": 2411593.589104933, "62": 1085781.7863761375, "63": 503991.2048170902, "64": 745383.4680635919, "65": 327619.39200365584, "66": 358942.03124388144, "67": 135230.4461812251, "68": 56325.53535661478, "69": 122540.49058193961, "70": 23961.110707288197, "71": 7910.576073961763}, "Wind_speed": {"0": 1.9681376830935984, "1": 2.239848862560704, "2": 5.251974495193091, "3": 2.4925512082582575, "4": 1.5604372694193187, "5": 4.021525329403998, "6": 2.6098644380204745, "7": 7.2079349286274965, "8": 6.402895929029151, "9": 7.17394699736823, "10": 7.491960823212363, "11": 7.0085320308505334, "12": 8.644278939971585, "13": 9.598499888502069, "14": 8.041138120931475, "15": 9.899016007998735, "16": 8.775490216513788, "17": 4.066510487670357, "18": 4.929956857944063, "19": 4.845847098459103, "20": 2.734325640746885, "21": 2.321713295388599, "22": 3.3976962107895226, "23": 2.4201711603825107, "24": 1.54060720840176, "25": 2.2738263900189635, "26": 2.788136289420301, "27": 1.1732531465552003, "28": 2.925553662293847, "29": 1.6625850031908387, "30": 2.574157760286037, "31": 4.374599423698931, "32": 6.237266451139776, "33": 7.812249819904568, "34": 9.413969327362967, "35": 7.931173868690918, "36": 6.942012742314218, "37": 8.548834501685441, "38": 7.756941105549005, "39": 5.6067350637803095, "40": 6.790956474208208, "41": 4.806294898607657, "42": 4.159079783077743, "43": 2.737369450017747, "44": 2.0852865873992186, "45": 3.8183716032013564, "46": 2.7317985627294514, "47": 3.1120873071546633, "48": 1.3036797981972263, "49": 1.721699712225625, "50": 1.5503121603546255, "51": 2.1200296184264555, "52": 2.7369924184563352, "53": 3.0903062303873106, "54": 2.4761948569271843, "55": 3.9694787815155066, "56": 4.2332122838046935, "57": 5.795543421951077, "58": 7.959375128593924, "59": 7.915344947383277, "60": 6.925849401313544, "61": 9.146920544217325, "62": 7.010587008898885, "63": 5.428100153452064, "64": 6.1844362684882315, "65": 4.702152748610268, "66": 4.847468233180699, "67": 3.5010503774441393, "68": 2.6146203823236633, "69": 3.387922011846048, "70": 1.9664180329213576, "71": 1.3590733717732262}}}