{"Points": {"Calc_power": {"0": -9.758620390171384, "1": -107923.81102359321, "2": -3015.497639358965, "3": 4186.67669575471, "4": 100713.82628787783, "5": 589944.4172536338, "6": 1830353.0421467766, "7": 3912404.0845727473, "8": 2728399.529098986, "9": 1466280.133864527, "10": 2163482.657753063, "11": 124907.52167356861, "12": 1518.4051787566746, "13": 86072.49379982274, "14": 7268136.981893848, "15": 9165794.928520031, "16": 2502298.2787068817, "17": 1310998.9991442864, "18": 674245.981424365, "19": 1460027.73540023, "20": 1555053.2757812794, "21": -2028.3450820002727, "22": 305806.16081871255, "23": -103771.7840816302, "24": -10886.842570939838, "25": -1502.9477506221076, "26": -183610.63437111903, "27": -411097.3477006014, "28": 17964.599577052224, "29": 3401.07124557409, "30": 139934.64087901515, "31": 62606.53547015252, "32": 458012.2604018195, "33": 36987.18310770416, "34": 38286.34891590389, "35": 2601722.0130920107, "36": -667.2993095578178, "37": -288.04383736216914, "38": 6353205.296639632, "39": 4752228.044431377, "40": 3089146.1925474587, "41": 5912028.831847768, "42": 9641092.262041206, "43": 18566511.220574036, "44": 7343217.077334492, "45": 10902283.446360609, "46": 9045088.914987944, "47": 2942134.6831926433, "48": 9005.64800121142, "49": -1080905.8980506423, "50": -389361.3272729513, "51": -1009947.1906804781, "52": -2034293.4913830587, "53": -166790.24873042575, "54": 301365.30492263206, "55": 5794752.34029846, "56": 17178719.254539408, "57": 12192501.83944103, "58": 3970954.6527670575, "59": 141679.72488146083, "60": 17294.715114165516, "61": 30602.99051449204, "62": 743.948883383295, "63": 40637.968605851995, "64": 3504175.8904149667, "65": 7342736.231209731, "66": 20306370.764560085, "67": 19988000.269953284, "68": 9109705.357990626, "69": 1219665.6714927864, "70": 7283031.873827224, "71": 648854.2915758153}, "Wind_speed": {"0": -0.1457593225300764, "1": -3.2474760530629405, "2": -0.9854317040222256, "3": 1.0993348810048018, "4": 3.173485840728944, "5": 5.720630512742824, "6": 8.343568224119714, "7": 10.747845979389934, "8": 9.531096242479904, "9": 7.749003371077212, "10": 8.821816212571072, "11": 3.409597103923753, "12": 0.7839759831719881, "13": 3.0115840961677316, "14": 13.212385426300958, "15": 14.27458787321493, "16": 9.260189881616464, "17": 7.465192075417142, "18": 5.981080604051929, "19": 7.737973444703291, "20": 7.9023323415246605, "21": -0.8634174349987322, "22": 4.595388959418789, "23": -3.2052848250226877, "24": -1.5117298223219335, "25": -0.7813066016868246, "26": -3.87679476207827, "27": -5.0717179248440125, "28": 1.7864027562156963, "29": 1.0257592520466599, "30": 3.541184969416724, "31": 2.7084038561190393, "32": 5.257741551647513, "33": 2.2726049699302315, "34": 2.2989076067107925, "35": 9.381245404254932, "36": -0.5960468879785912, "37": -0.45046362666735096, "38": 12.632941821582051, "39": 11.46760232345444, "40": 9.933897781647033, "41": 12.333482277969416, "42": 14.517180587638753, "43": 18.061353846159207, "44": 13.257724457774401, "45": 15.124441832525783, "46": 14.211649231472716, "47": 9.773746026143689, "48": 1.4190962605134625, "49": -7.000077182161982, "50": -4.980708643496789, "51": -6.843418321126615, "52": -8.642606425865633, "53": -3.7546006566514496, "54": 4.5730359660394075, "55": 12.251384202157373, "56": 17.59964037719587, "57": 15.698969399074132, "58": 10.801195882201366, "59": 3.5558445596400894, "60": 1.7639164232980764, "61": 2.1335106849589187, "62": 0.6180466144015195, "63": 2.3450432838379704, "64": 10.360216524099418, "65": 13.25743507214076, "66": 18.608768658192425, "67": 18.5110043073382, "68": 14.245410761517558, "69": 7.287643728933517, "70": 13.221404829378669, "71": 5.905036596103958}}}