{"Points": {"Calc_power": {"0": 119616.6701722619, "1": 282572.99859382206, "2": 13230.011022341234, "3": 36.09620370399633, "4": 79547.4698022072, "5": 133833.52127792867, "6": 89169.73608359775, "7": 594716.3012250316, "8": 1350393.201741446, "9": 3040930.714173917, "10": 5435342.113335455, "11": 2882676.5787626943, "12": 2570332.2213686886, "13": 869512.7968686137, "14": 945842.4849964898, "15": 614929.1571605586, "16": 341627.1458527123, "17": 827478.5629644176, "18": 178809.8395819089, "19": 116256.70412403459, "20": 191790.32298956468, "21": 69868.84889277125, "22": 95943.00158043529, "23": 354683.77001432294, "24": 176483.26004954486, "25": 200124.90862848307, "26": 458078.9172360363, "27": 499436.64080277033, "28": 907172.5432652674, "29": 614294.3202097889, "30": 1134099.3567000807, "31": 865776.3576529742, "32": 792238.324417341, "33": 1924671.8950222242, "34": 2275921.509443115, "35": 1643610.3104657365, "36": 2157408.7001086306, "37": 716170.7772947309, "38": 262740.0766612177, "39": 14158.119903218148, "40": 38517.82305902776, "41": 2699.107765600204, "42": 60.595758677811695, "43": 2359.0040114826993, "44": 34.08338777189095, "45": 13115.670220559357, "46": 15784.756438468567, "47": 262111.35369547227, "48": 540422.6165575635, "49": 636526.8569901801, "50": 1401533.8947973507, "51": 751794.9075757804, "52": 793045.0245216761, "53": 268247.6541689827, "54": 433384.12084993545, "55": 187018.73673574094, "56": 989935.2227405793, "57": 547374.5576142872, "58": 2519386.1190586872, "59": 3583340.996946565, "60": 1399168.0158941278, "61": 1128448.6496324863, "62": 235644.07194120792, "63": 101449.29944542845, "64": 33189.81123939219, "65": -74.43656656055968, "66": -313.31311389972666, "67": -6200.813568218323, "68": -26512.08279286246, "69": -726.1277446043902, "70": 10.17739541873285, "71": 14370.770863190137}, "Wind_speed": {"0": 3.360759507007358, "1": 4.475934814986178, "2": 1.6132200152269993, "3": 0.22542082900704363, "4": 2.933474539069295, "5": 3.4889533924547798, "6": 3.0472823302917758, "7": 5.736013267989977, "8": 7.539229214012837, "9": 9.881943686880454, "10": 11.992668466877577, "11": 9.707457686151596, "12": 9.343364387694075, "13": 6.510267880211387, "14": 6.695450529401711, "15": 5.800274692456042, "16": 4.768235065468227, "17": 6.4036234084068, "18": 3.8427075841007166, "19": 3.3289928969702487, "20": 3.9335296655173484, "21": 2.8093211948451575, "22": 3.122563652377521, "23": 4.8282228271981245, "24": 3.8259683424604485, "25": 3.9897031338629474, "26": 5.25799660115675, "27": 5.411699418493855, "28": 6.602932111720996, "29": 5.798277987345308, "30": 7.113072485082942, "31": 6.500929260977349, "32": 6.311396754423372, "33": 8.484490502436236, "34": 8.972069445126802, "35": 8.049578721873436, "36": 8.813552751942305, "37": 6.10256478138177, "38": 4.368667319060979, "39": 1.6500941640899605, "40": 2.3035312637926544, "41": 0.9496865220946686, "42": 0.26790918842731726, "43": 0.9079942384867525, "44": 0.22115042833324372, "45": 1.608559126499455, "46": 1.711011104004085, "47": 4.365179873327896, "48": 5.555860998178306, "49": 5.8674010898691, "50": 7.633225071370138, "51": 6.202117544446628, "52": 6.313538230090263, "53": 4.3989819222946105, "54": 5.1617606746161036, "55": 3.9006343357663513, "56": 6.797915971859521, "57": 5.579582910182586, "58": 9.281220922839548, "59": 10.437654389413723, "60": 7.628927528154306, "61": 7.1012390626253, "62": 4.213008861207265, "63": 3.181192015795227, "64": 2.192006278788259, "65": -0.286925387772452, "66": -0.46326880507491874, "67": -1.2531116215498748, "68": -2.0338619995986775, "69": -0.6130716165374972, "70": 0.1478151956097069, "71": 1.6583144609351401}}}