{"Points": {"Calc_power": {"0": 291291.01041155215, "1": 121402.28601412434, "2": 162301.65745572944, "3": 106271.48161351767, "4": 123120.30413923827, "5": 151012.68225253912, "6": 374784.70743739826, "7": 465060.01419946377, "8": 558088.7115168781, "9": 826925.2593323555, "10": 788083.0298256709, "11": 767516.0848032635, "12": 1176122.9169192268, "13": 1152606.84523839, "14": 1277831.7301147913, "15": 1380117.3366141997, "16": 693922.116817488, "17": 377250.21273163, "18": 308517.49310720223, "19": 297715.2042047453, "20": 399234.4407561468, "21": 194624.16174168975, "22": 159185.56259476676, "23": 82260.88807206688, "24": 193940.10397801112, "25": 81011.23537784626, "26": 86879.23852196625, "27": 89021.60601554863, "28": 91491.46056206927, "29": 121140.48252470401, "30": 349985.6623457398, "31": 487659.54798052023, "32": 552443.1675267123, "33": 698693.995572485, "34": 817417.5187810863, "35": 782470.5305315849, "36": 1059818.928659232, "37": 976345.5224281531, "38": 1121536.4114800964, "39": 819295.4854035237, "40": 649988.2262688011, "41": 378713.2655697374, "42": 144994.54721857051, "43": 269386.0607584076, "44": 293076.50396824087, "45": 135204.275083634, "46": 130014.13060269883, "47": 90862.20443860616, "48": 148671.19262619727, "49": 76115.16512784376, "50": 85454.59624302627, "51": 76076.35737199057, "52": 69901.36023568122, "53": 89330.49110598594, "54": 380294.6020201025, "55": 489029.10919403547, "56": 545434.5120693529, "57": 718119.3068494472, "58": 825570.8873573187, "59": 682623.7199317275, "60": 1127754.2191610727, "61": 1193364.8761392639, "62": 930407.7628575484, "63": 881181.3696657447, "64": 541577.7208684689, "65": 232038.9912283467, "66": 115970.89095113453, "67": 196710.42638843172, "68": 244341.49877727937, "69": 107276.77538479972, "70": 157102.8455936273, "71": 93919.4532934009}, "Wind_speed": {"0": 4.521500261775377, "1": 3.3773999130484746, "2": 3.7206131610189823, "3": 3.230817635410586, "4": 3.3932570457984235, "5": 3.632269021952338, "6": 4.917761774992211, "7": 5.284572573747209, "8": 5.615752326425364, "9": 6.4021958032033135, "10": 6.300342968627239, "11": 6.245051558812973, "12": 7.199866388812475, "13": 7.151556890969919, "14": 7.401699040391061, "15": 7.594144737133434, "16": 6.038704471979799, "17": 4.928521976581368, "18": 4.608930199234149, "19": 4.554498231914002, "20": 5.022456679565974, "21": 3.9528085900870416, "22": 3.696647944368515, "23": 2.9664565910736105, "24": 3.9481720922440577, "25": 2.951358398652558, "26": 3.0209638954977374, "27": 3.0455939984133296, "28": 3.073503555709462, "29": 3.374970383160694, "30": 4.806809941734958, "31": 5.368823295725001, "32": 5.596752069964566, "33": 6.052514938300226, "34": 6.377564311368548, "35": 6.285350915908247, "36": 6.95425733005014, "37": 6.766665567174791, "38": 7.086709965148483, "39": 6.38244459685902, "40": 5.9084744655607935, "41": 4.934885027195891, "42": 3.583362598109183, "43": 4.40519603377125, "44": 4.530719759684045, "45": 3.500824510550192, "46": 3.4554428809180706, "47": 3.066441068309905, "48": 3.613398068667562, "49": 2.890661673437723, "50": 3.00436025840469, "51": 2.890170316413522, "52": 2.8097568713218424, "53": 3.0491124424604914, "54": 4.941744110136297, "55": 5.373844598997027, "56": 5.572983249699695, "57": 6.108094309751642, "58": 6.398698633952932, "59": 6.005751033652725, "60": 7.099782098178167, "61": 7.234879187797229, "62": 6.658830724576288, "63": 6.539260451372364, "64": 5.559816564229649, "65": 4.191413641922779, "66": 3.3262625861600164, "67": 3.9668824039669572, "68": 4.264216806294575, "69": 3.240973175589876, "70": 3.680455322492287, "71": 3.1004546614023876}}}