{"Points": {"Calc_power": {"0": 107966.89249079073, "1": 72322.82866807988, "2": 18550.038744504604, "3": 6741.067813020228, "4": 115.10670675725396, "5": 70106.86463022846, "6": 108508.48364493724, "7": 46101.7164264095, "8": 20248.023143461072, "9": 21589.6989471153, "10": 108055.38412081348, "11": 139867.52444731677, "12": 386537.30708885135, "13": 226830.87131914587, "14": 341760.82015235163, "15": 500515.1733996457, "16": 389172.61531339644, "17": 228836.19769994039, "18": 240754.73169836996, "19": 433571.2333477256, "20": 409579.3124488627, "21": 191855.04272836837, "22": 162673.06446085003, "23": 564089.3681086602, "24": 1138410.644677577, "25": 225004.96149291337, "26": 34967.910333918815, "27": 26889.82551368495, "28": 5872.4663581825125, "29": 89.47384468982021, "30": 16381.522136487501, "31": 29186.740390602557, "32": 50338.48856941417, "33": 233534.95328946065, "34": 172402.1546425256, "35": 755980.7327783591, "36": 595521.3610739382, "37": 1557480.9820566792, "38": 1652544.2479758714, "39": 3274928.893096854, "40": 2590544.2976279478, "41": 1702792.4435712649, "42": 2044789.7336629343, "43": 315989.7098335969, "44": 245185.71633059738, "45": 58752.71598415044, "46": 3605.2672910804577, "47": 2632.5688131394463, "48": 4.768811180946005, "49": -414.283232191015, "50": -31.772272630867494, "51": 17595.7324451511, "52": 36685.106143197016, "53": 9068.524430055524, "54": 165790.14442621084, "55": 350976.6908458122, "56": 806761.3987642431, "57": 1357995.9112740709, "58": 1250126.1624114553, "59": 1143056.2472366905, "60": 1821040.916307592, "61": 991961.4115280105, "62": 613629.8409053275, "63": 647579.8828483104, "64": 436949.22975001263, "65": 979152.8478122717, "66": 420166.3265692642, "67": 27360.194443076292, "68": 253217.8932179639, "69": 176125.7634038925, "70": 46776.860937028054, "71": 2691.9579205960763}, "Wind_speed": {"0": 3.247908109158095, "1": 2.8418337493305676, "2": 1.8056010834657368, "3": 1.2884960702146426, "4": 0.3317979837371636, "5": 2.8125076640174873, "6": 3.253329848976121, "7": 2.445752829697849, "8": 1.8590928296602263, "9": 1.8992802921215861, "10": 3.2487952150383066, "11": 3.540618729573877, "12": 4.968637794633809, "13": 4.159817267323759, "14": 4.768856900680943, "15": 5.41559213636857, "16": 4.9799038459017435, "17": 4.172039779294743, "18": 4.243248601612645, "19": 5.162503426770204, "20": 5.065467545839338, "21": 3.9339720729308465, "22": 3.7234490512546863, "23": 5.635807764887817, "24": 7.1220745552908, "25": 4.148625488089461, "26": 2.230471917142085, "27": 2.043475935433196, "28": 1.230590936620122, "29": 0.30507425972764857, "30": 1.7323073604195456, "31": 2.1000778678867356, "32": 2.5184901512026583, "33": 4.200401742158789, "34": 3.796246717484541, "35": 6.2136069132072755, "36": 5.738600356898337, "37": 7.906442504459296, "38": 8.064137024114606, "39": 10.1291769474879, "40": 9.367791312285878, "41": 8.145056559532552, "42": 8.657445208637743, "43": 4.6458428257363185, "44": 4.269122220280824, "45": 2.6516498941706903, "46": 1.045890028518098, "47": 0.9418175459229792, "48": 0.11480925761057392, "49": -0.5084785670362875, "50": -0.21603442425327568, "51": 1.7740913682655064, "52": 2.266401207962775, "53": 1.4223912611429976, "54": 3.7470811871169314, "55": 4.811342695400141, "56": 6.349729672269875, "57": 7.553351356892053, "58": 7.347813890029835, "59": 7.131749278464695, "60": 8.329394547945842, "61": 6.802550778285277, "62": 5.796186576311604, "63": 5.901168052975382, "64": 5.175875949543055, "65": 6.773144849262698, "66": 5.10874172872056, "67": 2.055322261429129, "68": 4.315240416230846, "69": 3.8233832144820474, "70": 2.4576341005460414, "71": 0.9488472180904824}}}