{"Points": {"Calc_power": {"0": 34943.55922566862, "1": 23687.174627375753, "2": 5473.371453273471, "3": 15504.170907589169, "4": 9987.853728583597, "5": 69352.42758035786, "6": 100408.59041320806, "7": 209968.65154498126, "8": 284885.74254810397, "9": 217816.64020157888, "10": 287175.24396297743, "11": 383764.90446555056, "12": 755929.2573697506, "13": 1595924.447498202, "14": 281005.51360708574, "15": 947071.1462147679, "16": 454459.93251703784, "17": 175502.83214153117, "18": 121862.77459894735, "19": 91618.88404393896, "20": 106957.38498323172, "21": 3938.2373428962874, "22": 22458.490589808927, "23": 23098.258605512157, "24": 50164.47325214926, "25": 28592.60104257461, "26": 6231.031619162157, "27": 22366.355178978883, "28": 13873.834129676387, "29": 69855.86095968618, "30": 92980.72334035688, "31": 218289.4840256753, "32": 225394.4404920467, "33": 223505.59412677505, "34": 271098.85855347454, "35": 350338.5178374069, "36": 740398.6277397871, "37": 1569010.1951212406, "38": 185260.36025556643, "39": 895130.1610486024, "40": 537395.0162307065, "41": 244823.02825236012, "42": 173252.56028351124, "43": 88201.36617491051, "44": 105169.15962448267, "45": 11407.777572294473, "46": 25954.35330821346, "47": 31302.796361163426, "48": 70757.32045560672, "49": 17305.305422371603, "50": 10476.706127388758, "51": 14071.033009642404, "52": 19079.033739988983, "53": 81185.25115647353, "54": 100065.75432897269, "55": 220397.1639646832, "56": 285952.76936677285, "57": 289367.21746823005, "58": 306195.933863181, "59": 436165.4613253915, "60": 835815.5491222772, "61": 1690988.0989078814, "62": 250861.24218977752, "63": 1212157.774544091, "64": 695433.1757600622, "65": 333363.7998779505, "66": 158247.08608163797, "67": 166588.2553862903, "68": 190303.05669167306, "69": 9306.652122283815, "70": 53319.162996733365, "71": 37167.89274902184}, "Wind_speed": {"0": 2.229954041606296, "1": 1.9588955827599812, "2": 1.2020573101996255, "3": 1.7008122768480092, "4": 1.468918129062292, "5": 2.8023825637487234, "6": 3.170276609201633, "7": 4.054074133692869, "8": 4.488112880482597, "9": 4.10396723284099, "10": 4.500103812094026, "11": 4.95673025081186, "12": 6.213465879976853, "13": 7.9709663463138, "14": 4.467643183285821, "15": 6.698348432953397, "16": 5.244113300961963, "17": 3.818870305956794, "18": 3.3816647746353286, "19": 3.0749297538386906, "20": 3.2377535762224214, "21": 1.0771449796368766, "22": 1.9244223309862103, "23": 1.942524981940437, "24": 2.515584741246586, "25": 2.0857299999681973, "26": 1.2551438949714178, "27": 1.9217870921072042, "28": 1.6389751377396875, "29": 2.8091471089810454, "30": 3.0900903169362723, "31": 4.1069347640879075, "32": 4.151017836952395, "33": 4.13938986680446, "34": 4.414512619640334, "35": 4.808424807505288, "36": 6.170619037488269, "37": 7.925903642324336, "38": 3.888371050398183, "39": 6.573584701432665, "40": 5.545466394614032, "41": 4.267016165260789, "42": 3.802478379696689, "43": 3.0362111468111115, "44": 3.219608022376886, "45": 1.535467215019788, "46": 2.0194988199762247, "47": 2.1496507750438854, "48": 2.821179107668728, "49": 1.7642763908141812, "50": 1.4925026824474885, "51": 1.646703948817235, "52": 1.82260402489745, "53": 2.9534701042387663, "54": 3.1666642868232975, "55": 4.1201105293717895, "56": 4.493709241395143, "57": 4.511524384540287, "58": 4.597340520597071, "59": 5.172779391395929, "60": 6.425057447062196, "61": 8.126191451655561, "62": 4.301811627872548, "63": 7.2726594223332715, "64": 6.043084513520127, "65": 4.729475850908047, "66": 3.6893691074149397, "67": 3.7530843595603356, "68": 3.923335557713397, "69": 1.4347338995405194, "70": 2.5672488859829383, "71": 2.276300075248526}}}