{"Points": {"Calc_power": {"0": 277507.4109075927, "1": 190962.1393904288, "2": 174675.23347655553, "3": 178543.79162873054, "4": 278571.2288385276, "5": 245869.21681370054, "6": 311901.9183718689, "7": 515056.6370590697, "8": 586321.5547308472, "9": 411967.1491752322, "10": 619078.3454148133, "11": 580948.5028955677, "12": 627134.1387215264, "13": 1093043.5667221544, "14": 1286603.3300101475, "15": 1233640.4501781124, "16": 644669.324370208, "17": 459928.2911339863, "18": 291255.21006356785, "19": 389627.6280884321, "20": 395602.61174776364, "21": 197591.2156464639, "22": 135717.04169792586, "23": 176845.05884453445, "24": 267840.4964459424, "25": 119403.3470331873, "26": 120552.90595656302, "27": 271878.90328523197, "28": 207984.94396027955, "29": 156094.64980461443, "30": 238905.7994179092, "31": 549065.8964499248, "32": 590150.2822543385, "33": 470178.77112449124, "34": 566508.256137083, "35": 596602.6298815503, "36": 893512.8531889552, "37": 951246.5880974248, "38": 1233536.278246922, "39": 1086184.4583409408, "40": 301883.8647553521, "41": 185666.69746230944, "42": 182333.16304925547, "43": 328302.13611589465, "44": 299954.8965677968, "45": 197834.52621141833, "46": 223426.70015112398, "47": 119463.35837153229, "48": 252311.69003173005, "49": 128929.84973912948, "50": 178644.81454511013, "51": 113784.82025648828, "52": 217872.6495542738, "53": 225041.45891771623, "54": 231122.86995212833, "55": 521942.6326237077, "56": 575737.7638122571, "57": 562381.641788092, "58": 722851.7171247579, "59": 530782.8359782477, "60": 724223.5181028566, "61": 966182.681328014, "62": 819983.7588081406, "63": 893232.5063893249, "64": 587303.5587018554, "65": 263485.30966322665, "66": 278917.5816643526, "67": 222647.81617762684, "68": 215416.95669509974, "69": 162769.4674804693, "70": 126033.20547885293, "71": 87812.25358677599}, "Wind_speed": {"0": 4.44902720626154, "1": 3.927859610380443, "2": 3.812858108810605, "3": 3.8408008062037466, "4": 4.454705036461812, "5": 4.273085528715197, "6": 4.625722209024351, "7": 5.467538656851499, "8": 5.708896284357193, "9": 5.075292325729583, "10": 5.81329109959308, "11": 5.691403963041521, "12": 5.838397775650325, "13": 7.0261813847381855, "14": 7.418596609299564, "15": 7.315371736390332, "16": 5.89231380875735, "17": 5.265063029042111, "18": 4.521315019859329, "19": 4.981843891066873, "20": 5.007180528485675, "21": 3.972794284223883, "22": 3.505244591121312, "23": 3.828581028217375, "24": 4.396755141193274, "25": 3.3587604702046683, "26": 3.3695049149571363, "27": 4.418742589317283, "28": 4.041266574732481, "29": 3.672565404890922, "30": 4.232358335658749, "31": 5.5853238067266195, "32": 5.7212958526237365, "33": 5.303890367210675, "34": 5.643851968033725, "35": 5.742071387139968, "36": 6.569623296319783, "37": 6.708177881892714, "38": 7.315165820679076, "39": 7.01145354825279, "40": 4.575657406831594, "41": 3.8912118021705897, "42": 3.867782894091304, "43": 4.705416840697585, "44": 4.565890776941855, "45": 3.9744242931434743, "46": 4.138902762880256, "47": 3.35932307294915, "48": 4.310086542963645, "49": 3.445810249734686, "50": 3.841525065011809, "51": 3.305229667204534, "52": 4.1043189672917135, "53": 4.148849788270367, "54": 4.18589027748817, "55": 5.491796764927896, "56": 5.674336740603506, "57": 5.630114727281153, "58": 6.121482402107564, "59": 5.522628415994608, "60": 6.125352328592527, "61": 6.743105416877167, "62": 6.384231350399203, "63": 6.568936133840228, "64": 5.71208169905526, "65": 4.372793833020451, "66": 4.456550477915156, "67": 4.134087644011183, "68": 4.088840424983719, "69": 3.724184433905678, "70": 3.4198090742420204, "71": 3.031739675661264}}}