{"Points": {"Calc_power": {"0": 296489.79672573315, "1": 185596.64808159895, "2": 304389.0352978252, "3": 327758.3127291799, "4": 35328.74719382949, "5": 291272.54612776387, "6": 956600.627698965, "7": 818823.8264019152, "8": 855694.3626710614, "9": 599499.8587517169, "10": 1891831.7870234852, "11": 455332.1029837444, "12": 1623799.7859287092, "13": 1716282.1333477737, "14": 3382698.237233468, "15": 971820.3900983073, "16": 1712164.2181964584, "17": 1096119.1297334107, "18": 730263.2173854805, "19": 470654.539619958, "20": 388136.84369402047, "21": 120960.6776389336, "22": 197052.34796239596, "23": 473427.48681592266, "24": 212642.0724134075, "25": 126170.24990456752, "26": 404282.49277949345, "27": 325040.65528581984, "28": 346879.16512175265, "29": 332542.2185709178, "30": 653358.005302966, "31": 467087.5758354084, "32": 586080.6060613343, "33": 832419.3242386557, "34": 873468.6905511825, "35": 1573154.9167878495, "36": 835840.5366078481, "37": 2367571.5027348422, "38": 3285315.899703566, "39": 3184798.5571601503, "40": 2483975.9206650318, "41": 1664658.2890569975, "42": 906198.7434414058, "43": 429414.653221486, "44": 558932.4298267277, "45": 109335.15239719255, "46": 28893.984985375915, "47": 135638.0167332137, "48": 358951.1105123185, "49": 110901.02016326525, "50": 164950.87713937994, "51": 120541.14199072111, "52": 149563.2457842412, "53": 334409.707512232, "54": 610190.3268881774, "55": 647854.0108728745, "56": 534555.9296942948, "57": 742130.7523518748, "58": 902595.9583882086, "59": 913932.915183554, "60": 1286664.8246896076, "61": 1506323.9943516618, "62": 1957056.8299803028, "63": 1645823.9671115286, "64": 957008.425350073, "65": 769313.8275927954, "66": 413911.8923272996, "67": 269510.0166338541, "68": 286061.3872689334, "69": 154246.44402058964, "70": 185062.15628667557, "71": 131681.35161773174}, "Wind_speed": {"0": 4.548240807547441, "1": 3.890722374488867, "2": 4.588279523037806, "3": 4.7028172739504015, "4": 2.2381178211075885, "5": 4.521404723836726, "6": 6.720739881038145, "7": 6.381219595071071, "8": 6.475596156318223, "9": 5.751351286979362, "10": 8.435957292441273, "11": 5.24746587958982, "12": 8.017107239976824, "13": 8.166508657605434, "14": 10.23908823088551, "15": 6.7561954060160865, "16": 8.159972063069443, "17": 7.032765211130576, "18": 6.142332776211557, "19": 5.305678746037323, "20": 4.975481964162805, "21": 3.373299770014902, "22": 3.9691794819320796, "23": 5.316078141231368, "24": 4.07120775454091, "25": 3.42104815511423, "26": 5.043536613684964, "27": 4.689783143093329, "28": 4.792545794487243, "29": 4.72558736090093, "30": 5.918667442379274, "31": 5.292241306448075, "32": 5.708114154128792, "33": 6.4163431789456755, "34": 6.5201258795460575, "35": 7.932876569323664, "36": 6.4251214741195835, "37": 9.090921360186012, "38": 10.13987446127119, "39": 10.03538847553713, "40": 9.237532800709296, "41": 8.083793895563211, "42": 6.600568637695751, "43": 5.145953051873711, "44": 5.618580865613073, "45": 3.2615707564330805, "46": 2.09303270205862, "47": 3.504564117473049, "48": 4.847509104306043, "49": 3.2770674480678847, "50": 3.7407476296855124, "51": 3.3693953087781714, "52": 3.620610669019575, "53": 4.734416829992633, "54": 5.78533669658958, "55": 5.9020006129818805, "56": 5.5356834815279985, "57": 6.175427238830682, "58": 6.591809700171451, "59": 6.619293515980814, "60": 7.418714800856566, "61": 7.818912103260081, "62": 8.531813340418793, "63": 8.053190893932102, "64": 6.721694759698216, "65": 6.249923657437677, "66": 5.083265978917052, "67": 4.4058716022561475, "68": 4.494278141268952, "69": 3.658013072858812, "70": 3.8869838754647987, "71": 3.47015034846337}}}