{"Points": {"Calc_power": {"0": 379705.9182033163, "1": 333483.2676127059, "2": 87898.37263276053, "3": 433097.39205092523, "4": 84952.40038358119, "5": 34285.405055639014, "6": 278025.83146187995, "7": 222829.98231367418, "8": 604690.6955435737, "9": 865728.6712324372, "10": 771462.5806705147, "11": 661919.4185692384, "12": 1714809.0584285776, "13": 694899.6245739812, "14": 340413.59320283635, "15": 603018.7752510792, "16": 203759.34025535017, "17": 268063.3989794058, "18": 146448.5716440673, "19": 296119.31639094057, "20": 376402.90984101477, "21": 407129.33698284935, "22": 115756.49857956466, "23": 360063.5528610379, "24": 280345.8296057908, "25": 120587.03221533462, "26": 215284.99667364653, "27": 160940.67699172755, "28": 156708.68466318503, "29": 140720.27948205423, "30": 245136.57661586357, "31": 273733.04837427835, "32": 708407.1288411411, "33": 339147.04525304213, "34": 501809.4103501731, "35": 311495.4512163959, "36": 614985.3515013657, "37": 321092.31671257195, "38": 284559.4153743998, "39": 475450.14474728575, "40": 614004.8689056741, "41": 372824.76096871763, "42": 230205.01154940602, "43": 319989.4430810605, "44": 134096.54820698887, "45": 539177.0546735502, "46": 659362.1171364078, "47": 126322.99099319414, "48": 145736.2608641504, "49": 134612.60325964875, "50": 130094.493900394, "51": 50661.036387774504, "52": 7190.940363429091, "53": 121106.31315868345, "54": 283620.65745474026, "55": 11393.75706739754, "56": 219568.0341543086, "57": 505983.6568122444, "58": 504825.16889889666, "59": 625090.3924337083, "60": 876840.0399779247, "61": 922794.9111307027, "62": 1286043.3264991278, "63": 391938.02003180626, "64": 442368.98857420875, "65": 893331.7344284852, "66": 306481.4761910681, "67": 275906.2468949242, "68": 171244.20434301934, "69": 51331.79460096383, "70": 485655.5887918792, "71": 146838.74794545252}, "Wind_speed": {"0": 4.9391929062903674, "1": 4.730040751560795, "2": 3.032730445598658, "3": 5.160622075788196, "4": 2.9984633938384224, "5": 2.2158649835400546, "6": 4.451795939980069, "7": 4.1352148135029285, "8": 5.7679031798395854, "9": 6.500809903079396, "10": 6.25573708854462, "11": 5.944407503106539, "12": 8.164171566631458, "13": 6.041538656943978, "14": 4.762582343712448, "15": 5.762582346160502, "16": 4.01371047222869, "17": 4.397974493913052, "18": 3.595300924331862, "19": 4.546345592118049, "20": 4.924829395305679, "21": 5.055347325585962, "22": 3.3242115967098163, "23": 4.852511654823685, "24": 4.464144388311739, "25": 3.369822832768365, "26": 4.088005341105502, "27": 3.7101842226094295, "28": 3.6773747361976166, "29": 3.5477997272100934, "30": 4.268836997759728, "31": 4.428764741722253, "32": 6.080432999087061, "33": 4.7566684245952295, "34": 5.42025601545653, "35": 4.623711938719112, "36": 5.800451370089536, "37": 4.670716463746204, "38": 4.486398564246079, "39": 5.3236381380028215, "40": 5.797367141223157, "41": 4.909174266572156, "42": 4.180341783159381, "43": 4.665362739645301, "44": 3.491237544079475, "45": 5.551589346193885, "46": 5.93674228962713, "47": 3.4224280998113477, "48": 3.5894623901770766, "49": 3.4957103525484383, "50": 3.456154684546873, "51": 2.5238578439739507, "52": 1.316544153093739, "53": 3.374653034134115, "54": 4.481459604990804, "55": 1.5348379118673274, "56": 4.114937445243191, "57": 5.435243801978943, "58": 5.431092497978587, "59": 5.8320486878554, "60": 6.5285037421837195, "61": 6.64061950384239, "62": 7.417520120287222, "63": 4.991671510516381, "64": 5.197187967711399, "65": 6.569179369695038, "66": 4.598769156445014, "67": 4.440454021426261, "68": 3.7877283714772987, "69": 2.534947770155032, "70": 5.361459091271552, "71": 3.598491025437872}}}