{"Points": {"Calc_power": {"0": 858596.6987740458, "1": 743822.4362876844, "2": 325868.4778476804, "3": 577694.9642797079, "4": 125279.76662231478, "5": 406807.3468262287, "6": 470216.27285479713, "7": 310190.7294698545, "8": 309828.60450939304, "9": 481337.7846342014, "10": 357219.4209330457, "11": 95130.18433001597, "12": 627816.5033572294, "13": 715309.8156642008, "14": 720205.6061842602, "15": 639375.7549081638, "16": 545242.736899089, "17": 391038.2122436667, "18": 137161.7510719972, "19": 312037.44380122155, "20": 62749.38535744101, "21": 379024.8358013453, "22": 543307.1121227755, "23": 332265.6133653261, "24": 206349.17257316917, "25": 224866.93508444604, "26": 144347.08283510938, "27": 156247.79333567867, "28": 96689.83973471013, "29": 149733.93570718923, "30": 157139.90876152314, "31": 328755.5184030723, "32": 374631.8965809599, "33": 355191.26202149777, "34": 448131.540530153, "35": 236925.80663919655, "36": 571128.4931038483, "37": 640444.2880564824, "38": 367404.50551855983, "39": 675207.5638394756, "40": 630087.0713327863, "41": 214296.2599739613, "42": 126595.72611932525, "43": 127794.74219376141, "44": 41316.25344358531, "45": 129983.51256173736, "46": 192165.12751297458, "47": 85713.92118026961, "48": 152582.306290382, "49": 80987.17025182617, "50": 85704.02794824039, "51": 146821.55141526173, "52": 32760.86905340969, "53": 78554.42515010678, "54": 78537.80975868655, "55": 237144.00070126352, "56": 300824.5778665596, "57": 288011.6525560259, "58": 322310.57609530375, "59": 210804.11181990005, "60": 549229.187042727, "61": 564151.6717924322, "62": 389739.8917344303, "63": 672302.076935708, "64": 639711.3693534211, "65": 190125.66994795072, "66": 120714.94680915929, "67": 127667.02150216722, "68": 62274.378198126156, "69": 97087.79586518726, "70": 182454.33028641454, "71": 87952.53305066808}, "Wind_speed": {"0": 6.4829091831965995, "1": 6.180115964815297, "2": 4.693761124546404, "3": 5.680759371600967, "4": 3.4129807981215334, "5": 5.054014250940621, "6": 5.304031377247929, "7": 4.617247317923707, "8": 4.6154498522360035, "9": 5.3455227793934945, "10": 4.839701247777048, "11": 3.113720641765667, "12": 5.840514532855403, "13": 6.100118353269463, "14": 6.114003723464235, "15": 5.876141622125028, "16": 5.572330018149852, "17": 4.987848638635202, "18": 3.5176385056569366, "19": 4.626392090776996, "20": 2.7104622210825515, "21": 4.936237978490285, "22": 5.565728231462389, "23": 4.724276765759459, "24": 4.03064401929547, "25": 4.147777007532869, "26": 3.5780208761518497, "27": 3.673766056339555, "28": 3.1306449250546313, "29": 3.6219874930346436, "30": 3.680744726560401, "31": 4.707581890429334, "32": 4.917093311621643, "33": 4.830524517682564, "34": 5.219657862700599, "35": 4.220633635355227, "36": 5.659153518678704, "37": 5.879413228602914, "38": 4.885267610085184, "39": 5.983922578723485, "40": 5.847547017805548, "41": 4.081737425505988, "42": 3.4248893709775894, "43": 3.435668041023516, "44": 2.358018332803665, "45": 3.4551716098969916, "46": 3.936090353230353, "47": 3.0073962517509916, "48": 3.6448102577656556, "49": 2.951066127070394, "50": 3.007280541205597, "51": 3.598350544862485, "52": 2.182522205126159, "53": 2.9212165421352196, "54": 2.921010567832764, "55": 4.221928885617112, "56": 4.570299260081183, "57": 4.504468484058079, "58": 4.67661607853769, "59": 4.059444039282132, "60": 5.585877438172593, "61": 5.636015248948517, "62": 4.982322319025657, "63": 5.975327095094425, "64": 5.877169589917582, "65": 3.92211616222104, "66": 3.3710139425877377, "67": 3.4345231004314116, "68": 2.7036055726894435, "69": 3.1349340830637993, "70": 3.86863946672672, "71": 3.033353211105355}}}