{"Points": {"Calc_power": {"0": 557019.9804804373, "1": 342049.7206882538, "2": 480366.56167730794, "3": 382505.5066449588, "4": 404199.1155495897, "5": 397752.9617691759, "6": 432230.1863342242, "7": 512256.3806084252, "8": 1001360.9523670818, "9": 396135.58536360203, "10": 634432.0244661965, "11": 354003.2622382581, "12": 571927.9467128007, "13": 547510.3376456297, "14": 547870.1091051808, "15": 652460.8000005117, "16": 947292.4606251153, "17": 546293.400137911, "18": 288072.3033546471, "19": 488727.7954227737, "20": 231546.10966894892, "21": 721434.632828238, "22": 927082.4501999792, "23": 189547.294848866, "24": 167101.00939284143, "25": 177970.78594419308, "26": 184380.07112601606, "27": 84455.35468980685, "28": 16328.990686146568, "29": 182772.31835886056, "30": 354813.7236098973, "31": 21824.40872609098, "32": 298959.5385451293, "33": 545208.9216459983, "34": 547595.1729533754, "35": 665618.7933113617, "36": 893708.3969967106, "37": 1060818.7744568812, "38": 1733323.6531223673, "39": 541551.2631959149, "40": 597326.5632629462, "41": 950824.0662263199, "42": 304543.16612416494, "43": 280651.6416368801, "44": 183297.66029436945, "45": 51806.715992895486, "46": 563747.947585563, "47": 149984.01180035245, "48": 143.04775341424514, "49": 43104.670450171776, "50": 34073.52407436438, "51": 50222.653691907704, "52": 138740.64715887624, "53": 68595.27925831497, "54": 167457.50999259035, "55": 173405.1807270645, "56": 308785.730692864, "57": 245732.86782122246, "58": 498051.28685296414, "59": 1043292.4239107406, "60": 685195.5510588592, "61": 1039127.8901626683, "62": 1459819.4929191635, "63": 592188.2956724683, "64": 559900.850856122, "65": 393056.4641575592, "66": 88021.8652312277, "67": 172054.7143065995, "68": 90382.49470754909, "69": 74741.84617464962, "70": 93619.81690733119, "71": 78373.62564651221}, "Wind_speed": {"0": 5.6121653435478285, "1": 4.770200274179388, "2": 5.3419250355044126, "3": 4.951302156401079, "4": 5.043189871797808, "5": 5.016236535962533, "6": 5.157175344248758, "7": 5.457612019601136, "8": 6.823969604970177, "9": 5.009428152293357, "10": 5.8609574073425055, "11": 4.825132988668766, "12": 5.661792808800275, "13": 5.5800442233718925, "14": 5.5812661796564145, "15": 5.915956987392962, "16": 6.6988701556634265, "17": 5.575906948427746, "18": 4.504784652325968, "19": 5.372740679670956, "20": 4.188443832212373, "21": 6.117479584202795, "22": 6.650888283605201, "23": 3.918135008626443, "24": 3.756931045273282, "25": 3.8366876056532875, "26": 3.882202566650707, "27": 2.9926040755308563, "28": 1.7304536852223822, "29": 3.8708856310645796, "30": 4.828812430627827, "31": 1.9061380985842797, "32": 4.560834758705932, "33": 5.572214819522011, "34": 5.580332412950893, "35": 5.955461089411505, "36": 6.570102511754771, "37": 6.956443552417017, "38": 8.193448987895373, "39": 5.559726024930651, "40": 5.744392975371449, "41": 6.707184528658218, "42": 4.589053834746936, "43": 4.465767018671203, "44": 3.874590775150807, "45": 2.5427415561328788, "46": 5.634670493098309, "47": 3.624002775876836, "48": 0.3567252739676863, "49": 2.3915619916499073, "50": 2.211290927057599, "51": 2.5165568852880535, "52": 3.5310844550992764, "53": 2.7921469786778372, "54": 3.759600881177491, "55": 3.8035946029544334, "56": 4.610265542412072, "57": 4.2722954899452175, "58": 5.406691067635482, "59": 6.917920245785084, "60": 6.013283939326353, "61": 6.908703165118226, "62": 7.7376055404127975, "63": 5.7278742228745045, "64": 5.621823960307244, "65": 4.996415120721903, "66": 3.0341500566608492, "67": 3.7936948231148016, "68": 3.0610350876038046, "69": 2.8731709936837837, "70": 3.09715396522684, "71": 2.9189736800868724}}}