{"Points": {"Calc_power": {"0": 125717.27668408725, "1": 117667.5960976685, "2": 314726.87399222364, "3": 393393.2070863048, "4": 772945.3947065544, "5": 715734.5297409883, "6": 1338140.093162651, "7": 927450.6668699106, "8": 614261.452062008, "9": 1376872.123782143, "10": 1812382.4715852453, "11": 1376406.4544704268, "12": 2183684.3059711177, "13": 1210243.6398664997, "14": 602605.0403057096, "15": 81524.52721891693, "16": 161878.2974212814, "17": 24566.54474421357, "18": 16861.706554117714, "19": 32027.599772809546, "20": 17159.46774132808, "21": 83734.05579675596, "22": 61167.41903676837, "23": 411781.5725342898, "24": 862566.6477731501, "25": 834262.9135212553, "26": 1628363.5653759416, "27": 1129339.8234981888, "28": 1212150.7386395584, "29": 471960.91332836525, "30": 792155.4712193792, "31": 317765.9717030089, "32": 1144020.663718108, "33": 482725.731331033, "34": 1995416.8695383628, "35": 2986314.6359828636, "36": 1001462.1458362597, "37": 899170.3992584058, "38": 126764.24215336988, "39": 45222.80100171825, "40": 5666.745866742905, "41": -6346.6800283644725, "42": -972.3327826108854, "43": -12456.257636622553, "44": -14832.00969457339, "45": 45.841740353062505, "46": 2505.2430106309457, "47": 38621.765863375505, "48": 403495.95064281626, "49": 1186247.7956873297, "50": 2338776.106404406, "51": 2410179.544717738, "52": 1791795.7953635599, "53": 1974290.9818386238, "54": 1791823.3686865156, "55": 745845.4541898601, "56": 221855.5590440515, "57": 127918.96617573053, "58": 385853.8224537311, "59": 146397.24910113934, "60": 17533.814272395328, "61": 219701.33183843907, "62": 340026.8764280222, "63": 95050.96248742829, "64": 259813.68780079874, "65": 515407.43300723686, "66": 260041.89919868772, "67": 80658.2206152446, "68": 354990.4521555131, "69": 217041.75798497995, "70": 119613.27976628374, "71": 304704.4970025299}, "Wind_speed": {"0": 3.4169491925202014, "1": 3.342405675016138, "2": 4.6396456093057665, "3": 4.997841571591376, "4": 6.259742535770879, "5": 6.101325426290923, "6": 7.516356908235352, "7": 6.651768695691363, "8": 5.798174572174112, "9": 7.588187765928199, "10": 8.31617240192152, "11": 7.587332207267266, "12": 8.849189267526981, "13": 7.26882928738441, "14": 5.761264130064366, "15": 2.9575786053477495, "16": 3.7173753002823955, "17": 1.9828425302833623, "18": 1.749070742931865, "19": 2.166115768765224, "20": 1.7593063512134552, "21": 2.9840601670433773, "22": 2.6874903794418423, "23": 5.074530131330398, "24": 6.49288563797242, "25": 6.421076522315188, "26": 8.024611056059326, "27": 7.103107933212167, "28": 7.2726453510527085, "29": 5.310583119017666, "30": 6.311176729035042, "31": 4.654531736220159, "32": 7.133754441702013, "33": 5.3506558211584565, "34": 8.58719673506465, "35": 9.822424981338825, "36": 6.824199464774633, "37": 6.58345998388706, "38": 3.4264083608441083, "39": 2.430110483729882, "40": 1.2160500366640368, "41": -1.2628615314005187, "42": -0.6757382599224888, "43": -1.5811366071510875, "44": -1.6758695107725585, "45": 0.24411468104715706, "46": 0.9263820955132058, "47": 2.305601478093901, "48": 5.040263712909024, "49": 7.220467859182008, "50": 9.05391505898637, "51": 9.145132420860572, "52": 8.284564891402733, "53": 8.5567843494039, "54": 8.28460738728166, "55": 6.185713702096513, "56": 4.129178316785128, "57": 3.4367809041012425, "58": 4.965707511563306, "59": 3.5948808871292393, "60": 1.7720079540356704, "61": 4.115769990035939, "62": 4.760778196844612, "63": 3.112856060964643, "64": 4.352387377354239, "65": 5.468779656382786, "66": 4.3536613334999625, "67": 2.947065207672365, "68": 4.829614022461003, "69": 4.099094832290515, "70": 3.3607277543350857, "71": 4.589864037779959}}}