{"Points": {"Calc_power": {"0": 28404.34113994806, "1": 5876.255913149318, "2": 5692.641443589987, "3": 6140.917599321703, "4": 7288.079681110703, "5": 16173.319408890766, "6": 40145.43952324078, "7": 21938.829076117563, "8": 43963.24187575923, "9": 42843.42411014353, "10": 62570.54960664378, "11": 175381.7870053014, "12": 308873.46000875847, "13": 920714.9349074494, "14": 178661.6403070905, "15": 503431.2077570947, "16": 161769.5528753638, "17": 76312.33060288825, "18": 51682.040670347495, "19": 37532.840636397326, "20": 29589.426838658906, "21": 243.5282217068687, "22": 7401.887581156351, "23": 10389.39377987721, "24": 15331.725830404244, "25": 5070.489009705309, "26": 15961.41173206, "27": 39096.61993262752, "28": 20601.090947609526, "29": 20090.12139387394, "30": 38294.262908710174, "31": 85546.42074156585, "32": 73682.23830089575, "33": 71144.12969499094, "34": 100042.21943414574, "35": 217601.36657961697, "36": 546356.8523644744, "37": 1173999.4471084257, "38": 252713.36284409746, "39": 493833.2560369294, "40": 125202.84316272794, "41": 97513.32120851532, "42": 97481.49582829211, "43": 67239.97247079264, "44": 92195.72937528696, "45": 5399.146801929972, "46": 23233.825863060432, "47": 16778.739401297662, "48": 30488.69740256567, "49": 5564.872579424837, "50": 9178.853873756389, "51": 14970.251732727718, "52": 17037.452341274882, "53": 11303.85748285764, "54": 15815.017580405129, "55": 73655.97908581777, "56": 73719.83807299758, "57": 154707.32148482607, "58": 147121.59105136074, "59": 266606.6931714967, "60": 280597.7821213113, "61": 810956.706208872, "62": 238446.5079127085, "63": 485405.36849234655, "64": 201613.47529081837, "65": 115694.98278348931, "66": 101772.31906710216, "67": 35075.00534065054, "68": 84331.14902706046, "69": 9086.135091781758, "70": 11138.977315674332, "71": 14870.139739984925}, "Wind_speed": {"0": 2.0811422830604167, "1": 1.2308555834744173, "2": 1.217899567932998, "3": 1.2490638029398573, "4": 1.3224458671602526, "5": 1.7249370645470328, "6": 2.335530834350073, "7": 1.909463441726098, "8": 2.4073363283195652, "9": 2.386720650002946, "10": 2.707884831863381, "11": 3.8179921397094896, "12": 4.610702109589683, "13": 6.635626440136126, "14": 3.841645666622662, "15": 5.426088976385401, "16": 3.716542710102742, "17": 2.8931554702744426, "18": 2.5407001749224816, "19": 2.2837260785591527, "20": 2.1096919735228883, "21": 0.42594804781498385, "22": 1.3292939492964706, "23": 1.4883449631975458, "24": 1.69448299352847, "25": 1.171808961265237, "26": 1.7173703732540138, "27": 2.3150121274980506, "28": 1.8698363836857412, "29": 1.8542475761521524, "30": 2.2990659946249683, "31": 3.0054359763204035, "32": 2.8595287658353774, "33": 2.8263106173941224, "34": 3.1664160068964637, "35": 4.102614769436479, "36": 5.576122821444962, "37": 7.1955306998862705, "38": 4.312372507462331, "39": 5.391384561739556, "40": 3.4122821164165136, "41": 3.139507434103631, "42": 3.1391658503815782, "43": 2.773635423713557, "44": 3.081369653380083, "45": 1.1965988423131524, "46": 1.946317897855045, "47": 1.746197287569445, "48": 2.1308513612946944, "49": 1.2087187930424845, "50": 1.428136388494081, "51": 1.6810600760121948, "52": 1.755126476301606, "53": 1.5307904968005572, "54": 1.7121038058510207, "55": 2.85918902813392, "56": 2.860015085419583, "57": 3.6616527450062466, "58": 3.600800033527162, "59": 4.38999355237173, "60": 4.465481327087225, "61": 6.360717235272551, "62": 4.229644388346664, "63": 5.360538153063118, "64": 3.9995707621775773, "65": 3.3236226369543176, "66": 3.1845647965579986, "67": 2.2327466594673195, "68": 2.9911363148908854, "69": 1.4233114054719174, "70": 1.5233112150514478, "71": 1.6773043871239992}}}