{"Points": {"Calc_power": {"0": 67680.2326713643, "1": 27946.121170534392, "2": 2222.913121731498, "3": 21639.315108661158, "4": 6261.55152353625, "5": 29206.07733288192, "6": 70986.34582925058, "7": 151644.1888956771, "8": 71476.89284856738, "9": 127381.85838221193, "10": 186878.81006802068, "11": 341063.1269919611, "12": 813795.6374336911, "13": 1460779.8362093177, "14": 143899.15240252882, "15": 895113.6875900091, "16": 665812.7764937052, "17": 274036.519449187, "18": 167403.95212963482, "19": 96772.36542186917, "20": 76123.20290354559, "21": 934.1348080501597, "22": 14387.190659658077, "23": 40531.75501197425, "24": 61970.43010741874, "25": 22711.46779480044, "26": 5355.565837290902, "27": 23311.370276682097, "28": 6289.054353535706, "29": 67167.46728601596, "30": 91354.88152505679, "31": 173994.15114293894, "32": 233764.85583181088, "33": 166533.8818318771, "34": 223383.42779490174, "35": 400720.0781800868, "36": 868651.0733183838, "37": 1529172.082181853, "38": 212140.50127247823, "39": 1094144.1423883606, "40": 656867.8410420048, "41": 247893.68852168345, "42": 158429.82418944, "43": 109172.93471204976, "44": 122570.76763121085, "45": 3972.173594259277, "46": 22127.876329225863, "47": 30521.716835227682, "48": 47283.00067261676, "49": 24764.68172510182, "50": 4210.325432768711, "51": 24644.92750845736, "52": 13753.494254549694, "53": 64949.93913768351, "54": 94685.36137444814, "55": 232137.51832895214, "56": 214704.64569910898, "57": 216978.9354296891, "58": 258811.2499146263, "59": 393544.32799293473, "60": 894746.3429625871, "61": 1559315.1808528034, "62": 152462.22151699633, "63": 982630.8226094389, "64": 719050.564540067, "65": 284159.9619979666, "66": 201379.39828724155, "67": 118642.90037277214, "68": 112625.68523619624, "69": 9839.864331019762, "70": 28036.330807832663, "71": 38744.817542988385}, "Wind_speed": {"0": 2.7796758079235317, "1": 2.0698905362801976, "2": 0.8901865527142924, "3": 1.9007341166457874, "4": 1.257189810780729, "5": 2.100541550128432, "6": 2.8242196681349907, "7": 3.637325135947303, "8": 2.8307102753475544, "9": 3.431964022844199, "10": 3.8996612800657724, "11": 4.765609536502228, "12": 6.368130951256912, "13": 7.739301898250379, "14": 3.574315997879232, "15": 6.573544375699639, "16": 5.956039572219476, "17": 4.43040077074083, "18": 3.7592000279319127, "19": 3.131535350065144, "20": 2.8907634213277547, "21": 0.6667710235650869, "22": 1.6589458077671158, "23": 2.3429984573024782, "24": 2.6991998210708563, "25": 1.9316210694305915, "26": 1.193370562073893, "27": 1.948480814444699, "28": 1.2590277885383427, "29": 2.7726381237035334, "30": 3.0719734121374893, "31": 3.8078960376575908, "32": 4.2017796462818096, "33": 3.7526759859477936, "34": 4.138635543790355, "35": 5.028678849285679, "36": 6.508116520102197, "37": 7.858246597851898, "38": 4.068004236801008, "39": 7.028538793161062, "40": 5.9292468707586785, "41": 4.284781591728082, "42": 3.6907886785492257, "43": 3.259956922500702, "44": 3.3882010157743023, "45": 1.080230096314037, "46": 1.9149323890304146, "47": 2.1316203251445405, "48": 2.4664664344905285, "49": 1.988159014210919, "50": 1.1014008859474396, "51": 1.9849491306204194, "52": 1.634222616155748, "53": 2.741783230314084, "54": 3.108859868205371, "55": 4.192006802860195, "56": 4.084328644362703, "57": 4.098699300935897, "58": 4.346782564481474, "59": 4.998481458642322, "60": 6.572645016341537, "61": 7.909545013865976, "62": 3.6438538316968145, "63": 6.781154831419091, "64": 6.110733496440014, "65": 4.484298304247072, "66": 3.99802230401976, "67": 3.351614942730822, "68": 3.2939677924210264, "69": 1.4616270433877658, "70": 2.0721153354308837, "71": 2.3080474853777977}}}