{"Points": {"Calc_power": {"0": 102830.35678137238, "1": 12657.904258139682, "2": 207980.7231113618, "3": 402438.2410737046, "4": 117845.37091085054, "5": 207073.63225184652, "6": 299525.2693782187, "7": 159925.36329697302, "8": 496004.03686078626, "9": 310446.27076654654, "10": 1208663.1120970722, "11": 558443.588611668, "12": 2388523.050135352, "13": 2996982.8105283612, "14": 3164851.9033859237, "15": 1852779.4330219657, "16": 1173475.7902681225, "17": 554993.6034544872, "18": 623710.8899977292, "19": 127489.14886129537, "20": 234873.44811122966, "21": 106573.35236410469, "22": 4315.326531276754, "23": 180196.5194541876, "24": 145143.7160301136, "25": 224455.66528492107, "26": 107216.13178464018, "27": 204328.7275405373, "28": 128132.86928176094, "29": 117279.08037710721, "30": 1191989.962335447, "31": 240909.0738928961, "32": 325574.6797796592, "33": 295786.40223382215, "34": 186839.81134501833, "35": 670538.7951836995, "36": 1765191.4624572294, "37": 1866820.2332842583, "38": 2260165.8252301067, "39": 1603669.8262396564, "40": 1281448.13919047, "41": 1178647.4162570601, "42": 567536.744224537, "43": 451633.7521981296, "44": 460270.0822940705, "45": 218854.31835286756, "46": 424766.9049992282, "47": 260973.30041884843, "48": 106411.19772174403, "49": 286103.65957017656, "50": 212591.22387764492, "51": 114957.94484232244, "52": 132543.13114872042, "53": 259207.04154079824, "54": 449266.857889725, "55": 532588.3314301735, "56": 356534.36962526565, "57": 416135.88449242123, "58": 575846.9490904657, "59": 888137.1351070104, "60": 1763966.7906983388, "61": 1694533.5419682038, "62": 2370697.7729469505, "63": 1515578.6518384896, "64": 1127983.6330882786, "65": 746754.7809764813, "66": 349565.12473495706, "67": 333280.09235028643, "68": 419121.23622006725, "69": 130299.30611946198, "70": 200414.38623267945, "71": 188097.47941808554}, "Wind_speed": {"0": 3.195562483893389, "1": 1.5896229899416428, "2": 4.041239236710293, "3": 5.035855737869559, "4": 3.3440880882258828, "5": 4.035355496799939, "6": 4.563709817801362, "7": 3.7023657097490608, "8": 5.399272789297501, "9": 4.61851489664788, "10": 7.265663646186735, "11": 5.616942387887904, "12": 9.117658992901763, "13": 9.834107475738803, "14": 10.014393764283193, "15": 8.377506498092202, "16": 7.1944606967586715, "17": 5.605351595554471, "18": 5.8277553082607385, "19": 3.4329273042651027, "20": 4.2084112625270125, "21": 3.2338738562257046, "22": 1.1104817376737435, "23": 3.8526154836051214, "24": 3.5845910184192604, "25": 4.145246775673755, "26": 3.240362352704131, "27": 4.017445647042003, "28": 3.438695472237828, "29": 3.338722959080328, "30": 7.232099608216672, "31": 4.244155156867272, "32": 4.692350092503825, "33": 4.544641199907325, "34": 3.8993899948225397, "35": 5.970098587303253, "36": 8.243357580409397, "37": 8.398615505679201, "38": 8.951317622736369, "39": 7.983840503242082, "40": 7.4086750135248565, "41": 7.205014112868593, "42": 5.64726534889042, "43": 5.233220049647603, "44": 5.266366932604292, "45": 4.110474008936203, "46": 5.127320008736152, "47": 4.358853027329095, "48": 3.232232877408988, "49": 4.4944995088151085, "50": 4.0708832162938835, "51": 3.316549854600774, "52": 3.477703947617818, "53": 4.348997233653856, "54": 5.224062053809599, "55": 5.52888320002959, "56": 4.836605517148003, "57": 5.092354029003741, "58": 5.674695419452229, "59": 6.556421655893545, "60": 8.241450753673423, "61": 8.131866799469575, "62": 9.09492098263772, "63": 7.834892212136474, "64": 7.100263491030304, "65": 6.188226533124368, "66": 4.804883906116189, "67": 4.729079961220797, "68": 5.104502511092806, "69": 3.4579674478260674, "70": 3.991625888501427, "71": 3.908119711022075}}}