{"Points": {"Calc_power": {"0": 93821.8603588754, "1": 52356.54806523578, "2": 121640.04807362422, "3": 17681.989806228194, "4": 123246.93509256709, "5": 97191.22526177936, "6": 9857.541461951418, "7": 157879.77850570987, "8": 280484.3334149005, "9": 213605.60383324936, "10": 440871.18740178493, "11": 915849.0107811294, "12": 624637.1579532829, "13": 460059.3756686587, "14": 578161.4246843879, "15": 585100.3207029632, "16": 355413.06170688086, "17": 169839.45795976545, "18": 116976.07168440387, "19": 35493.62725681145, "20": 55431.59160017563, "21": 10261.170136828465, "22": 4959.519043643481, "23": 21057.212325810997, "24": 126052.68557522455, "25": 169983.1321703147, "26": 31850.545421420145, "27": 199293.70759928424, "28": 35207.26591562643, "29": 9751.281676108109, "30": 120960.97347440543, "31": 120542.30196900904, "32": 392469.6637515885, "33": 532468.9397650603, "34": 503003.95942738315, "35": 530620.1035204328, "36": 1447129.764979763, "37": 459703.74003937305, "38": 182845.02193008323, "39": 451418.9458276031, "40": 140324.26709685562, "41": 135280.1420901702, "42": 96900.79779506395, "43": 183715.65076224477, "44": 230573.8496474109, "45": 228825.80612479674, "46": 53956.90494827534, "47": 210899.24859824358, "48": 200442.81048279454, "49": 95491.25776567019, "50": 179713.76113056592, "51": 120365.18915497587, "52": 171387.7100272153, "53": 139516.58670516146, "54": 199745.32313341624, "55": 235876.96296693574, "56": 668630.9003109392, "57": 247966.81667386505, "58": 353632.55078933126, "59": 287396.80876624427, "60": 519052.29591124086, "61": 259678.19792026732, "62": 196579.15895344375, "63": 355704.10732398403, "64": 566036.3385607187, "65": 290496.93540821737, "66": 256288.7401448679, "67": 292618.3285719506, "68": 111282.41622176766, "69": 347686.80486714427, "70": 517067.11738316005, "71": 100588.79773495912}, "Wind_speed": {"0": 3.0993803815292167, "1": 2.5517054120077365, "2": 3.3796033144504105, "3": 1.7769856128710777, "4": 3.3944199846199057, "5": 3.1360469220999962, "6": 1.4625017815974335, "7": 3.6865124291266707, "8": 4.464879431892145, "9": 4.0773476911106545, "10": 5.191315678149271, "11": 6.623916155001876, "12": 5.830638798607232, "13": 5.2655631814878925, "14": 5.682287938630894, "15": 5.7049298916921085, "16": 4.831529784418056, "17": 3.777342786812606, "18": 3.3358451096787998, "19": 2.241594200769579, "20": 2.600714321287075, "21": 1.4821966562065025, "22": 1.1631973043535893, "23": 1.8835355654205024, "24": 3.4199852573839657, "25": 3.778407623352135, "26": 2.162116831112213, "27": 3.9841718430293036, "28": 2.235549547664035, "29": 1.4572277521080068, "30": 3.373302520057133, "31": 3.3694061167418816, "32": 4.9939274724861145, "33": 5.528470027938833, "34": 5.424553550725042, "35": 5.522063964963934, "36": 7.7151201127653, "37": 5.264206034485117, "38": 3.8713988194663527, "39": 5.232390242112664, "40": 3.544468549806209, "41": 3.5014791925447475, "42": 3.1329200867180136, "43": 3.8775337341647216, "44": 4.182573195014171, "45": 4.171976626813383, "46": 2.5774438306513754, "47": 4.060054628801685, "48": 3.991814586880009, "49": 3.1176551180793575, "50": 3.849171936544938, "51": 3.367755084964001, "52": 3.788786137269402, "53": 3.537655026589971, "54": 3.9871790570138015, "55": 4.2143963335479055, "56": 5.964430935808361, "57": 4.285202884360744, "58": 4.823448110795866, "59": 4.501260838827466, "60": 5.4816407750630916, "61": 4.3516306723110505, "62": 3.9659998234840748, "63": 4.832848261472839, "64": 5.64228436931082, "65": 4.517387904822158, "66": 4.3326144290331605, "67": 4.528357524354522, "68": 3.280819834813726, "69": 4.79626241083698, "70": 5.47464344651753, "71": 3.172172083192531}}}