{"Points": {"Calc_power": {"0": 200371.6521016754, "1": 401167.0962299003, "2": 583468.1379364461, "3": 121249.12287369989, "4": 129296.40881783416, "5": 6789.838955823727, "6": 112927.53151943478, "7": 225171.40538525366, "8": 450080.89396707807, "9": 162016.7664210893, "10": 62693.61820018063, "11": 239000.6416753258, "12": 1098895.8752845083, "13": 1588099.7765209049, "14": 2470350.1737054545, "15": 3536431.891958646, "16": 3025576.882012528, "17": 1431497.2989226882, "18": 1652468.1541958917, "19": 1774864.7567335342, "20": 299785.3235182224, "21": 721913.6091612779, "22": 166761.39923770167, "23": 250702.3092115142, "24": 409864.0373357563, "25": 16845.300752108284, "26": 23013.50950756499, "27": 184043.35006106275, "28": 23593.45581631851, "29": 37362.230961793524, "30": 121056.36050972188, "31": 259235.51737537712, "32": 536712.3882959456, "33": 277652.9311490271, "34": 265362.6348261951, "35": 1573718.2364675133, "36": 2204111.063585406, "37": 1188175.799587632, "38": 2371711.9167523677, "39": 1435705.875604265, "40": 1488580.9493492974, "41": 288389.1340573731, "42": 103871.87864885441, "43": 107148.20548351022, "44": 36999.4776878432, "45": 193997.7936736072, "46": 150573.6413327556, "47": 128632.26040706936, "48": 922.8165440409083, "49": 24039.512872925985, "50": 34762.33133792448, "51": 17796.006594016726, "52": 25962.904687769333, "53": 11764.030928954002, "54": -215.929803657393, "55": 130408.69899774378, "56": 51259.20997639666, "57": 734636.1433232556, "58": 296985.6781056371, "59": 201529.50068334164, "60": 24003.802025895988, "61": 618436.6436456749, "62": 943451.0184991343, "63": 335850.33838999935, "64": 407319.9239323453, "65": 281061.98034121486, "66": 345291.9575255353, "67": 562086.1931625346, "68": 261527.6707406397, "69": 54083.968652181815, "70": 741397.3322087605, "71": 280133.8637272105}, "Wind_speed": {"0": 4.158924889678331, "1": 5.241763459530203, "2": 5.938927620068711, "3": 3.5177247353135477, "4": 3.5938874452573537, "5": 1.3458256728030018, "6": 3.435333694417891, "7": 4.3238776535855035, "8": 5.446688142433307, "9": 3.874559228233882, "10": 2.8234282925005907, "11": 4.41064400761266, "12": 7.334229548133785, "13": 8.292043637374366, "14": 9.607752872661994, "15": 10.828228626535655, "16": 10.279493472487554, "17": 8.009999611395312, "18": 8.402593431966809, "19": 8.605129410627772, "20": 4.756700124879257, "21": 6.375741888622127, "22": 3.912017848192116, "23": 4.481483090998791, "24": 5.279371885159083, "25": 1.8219169395364982, "26": 2.021606389721074, "27": 4.0427389062185455, "28": 2.038447371959274, "29": 2.376000809720013, "30": 3.515859582042891, "31": 4.53176260880357, "32": 5.775853785371804, "33": 4.636636733785547, "34": 4.567188196669801, "35": 8.26693728966407, "36": 9.249398172344073, "37": 7.527704310037271, "38": 9.478136580635555, "39": 8.017841683510591, "40": 8.11508617984665, "41": 4.695645278388259, "42": 3.3409372048662345, "43": 3.375700836546944, "44": 2.368286186129846, "45": 4.114350133489033, "46": 3.781104106246471, "47": 3.587723383434789, "48": 0.6919490350123567, "49": 2.0512135263993962, "50": 2.3195582450194743, "51": 1.8555664150799331, "52": 2.1045217107210688, "53": 1.616420575386861, "54": -0.4263895122884138, "55": 3.6041636711835445, "56": 2.6401359259236283, "57": 6.41297796729209, "58": 4.741846445286742, "59": 4.166920298235899, "60": 2.050197326193051, "61": 6.055277567804027, "62": 6.970684660733982, "63": 4.94027260614256, "64": 5.268425810251937, "65": 4.655535950883079, "66": 4.986140038096533, "67": 5.865476375583409, "68": 4.545080008635884, "69": 2.6877683455500136, "70": 6.432591764381231, "71": 4.650405830820521}}}