{"Points": {"Calc_power": {"0": 509106.06741163816, "1": 576287.9546361488, "2": 597113.328368691, "3": 399790.96062106016, "4": 683575.4225994601, "5": 468245.49038771197, "6": 944702.6643219547, "7": 634892.0863838543, "8": 698493.897808689, "9": 906103.234523167, "10": 832060.9273427363, "11": 1576718.695939069, "12": 859565.2566499566, "13": 2245444.1908019814, "14": 3129830.596265475, "15": 3580611.5382256815, "16": 2535486.2692862363, "17": 1611963.1508935236, "18": 826522.5313148428, "19": 536621.2355843264, "20": 622898.8633897741, "21": 255257.00646070248, "22": 87021.95395868582, "23": 215948.10057172546, "24": 498901.33915134403, "25": 217556.5066155939, "26": 224769.7363055012, "27": 123364.11830759997, "28": 284216.4423695022, "29": 430731.9106193123, "30": 763392.4263120318, "31": 629420.6478068331, "32": 610623.6997437257, "33": 745389.024944672, "34": 792680.5728776213, "35": 936259.5737839869, "36": 1203378.1692443844, "37": 1491451.6053137598, "38": 1933815.960675826, "39": 1957150.7042593483, "40": 993887.1196763738, "41": 812480.249833592, "42": 438713.70145085745, "43": 305846.69528271025, "44": 321616.3298723383, "45": 201146.24589279765, "46": 257280.17698675898, "47": 165576.67799570967, "48": 299391.1128670408, "49": 247881.53784896884, "50": 235164.57347167423, "51": 171291.37928184427, "52": 354889.4159389148, "53": 325382.6277067499, "54": 496948.6300565648, "55": 537572.5891105606, "56": 447878.47180834244, "57": 635612.1523487327, "58": 690945.9335906828, "59": 807887.376656802, "60": 1012494.0673499231, "61": 1406322.093549117, "62": 2198180.4694892997, "63": 1874208.3668337548, "64": 1176648.3539186502, "65": 851932.3073367605, "66": 292546.51718782634, "67": 379518.9915820257, "68": 406803.8735858952, "69": 123441.94426762586, "70": 243749.28466519123, "71": 264301.6183221586}, "Wind_speed": {"0": 5.44640112725745, "1": 5.676143682496552, "2": 5.743709345517299, "3": 5.0247893099491465, "4": 6.008540777074268, "5": 5.296610869917899, "6": 6.692759919109878, "7": 5.862373767011204, "8": 6.05193709337574, "9": 6.600336740324564, "10": 6.415422197768721, "11": 7.938862353800088, "12": 6.48534599400513, "13": 8.931840411965986, "14": 9.977317904581666, "15": 10.435003568726748, "16": 9.30094952078036, "17": 7.997579567705655, "18": 6.401156304862976, "19": 5.542803526781244, "20": 5.8252251041556224, "21": 4.326792719135721, "22": 3.022617157078991, "23": 4.092198223257871, "24": 5.409765287789324, "25": 4.102332822984675, "26": 4.147179295582659, "27": 3.3954954489493527, "28": 4.484595388154614, "29": 5.1512095293092806, "30": 6.23384713851266, "31": 5.845484700929658, "32": 5.78670600408102, "33": 6.184451636905055, "34": 6.3125709323598445, "35": 6.672761824239104, "36": 7.255058341924125, "37": 7.793094124132988, "38": 8.497905810112504, "39": 8.531949753596047, "40": 6.806949894201463, "41": 6.3646980346282085, "42": 5.182833600787025, "43": 4.595591989336352, "44": 4.673255906502481, "45": 3.9964787690261483, "46": 4.338194055698355, "47": 3.745472286513133, "48": 4.56302835852665, "49": 4.284711583451897, "50": 4.2101493182087, "51": 3.7880761583295626, "52": 4.829155782690292, "53": 4.6914272598705145, "54": 5.4026980854756586, "55": 5.546077128472914, "56": 5.218675129764471, "57": 5.864589209630259, "58": 6.030058906967456, "59": 6.352682355107896, "60": 6.849166051323235, "61": 7.641907904579547, "62": 8.868727574144561, "63": 8.409680383956719, "64": 7.2009384176255296, "65": 6.466092240983022, "66": 4.527987059719754, "67": 4.938382262978441, "68": 5.053999867509711, "69": 3.396209330603013, "70": 4.260768937417013, "71": 4.377304988386646}}}