{"Points": {"Calc_power": {"0": 344223.0070368512, "1": 120751.43481412064, "2": 112185.6511079512, "3": 112244.93454440817, "4": 90171.90998887488, "5": 222259.98679960275, "6": 679985.5190837807, "7": 557690.624860258, "8": 746615.0530015224, "9": 590484.9782878623, "10": 661578.2387051465, "11": 535622.344492601, "12": 1300879.4599727388, "13": 1782977.374714056, "14": 1813663.5255487543, "15": 1599025.7147522706, "16": 872066.1892832608, "17": 501283.39030600706, "18": 224246.9313973611, "19": 350214.93689534575, "20": 261844.9544310286, "21": 137272.05239841776, "22": 214773.6456336298, "23": 152152.99251170686, "24": 189232.0271848839, "25": 177356.437508702, "26": 200870.63018859373, "27": 179322.62301346348, "28": 175045.6096901074, "29": 209590.21255714569, "30": 542519.4254700391, "31": 434691.9667321084, "32": 594236.6535925232, "33": 543764.5281643606, "34": 607603.7325801731, "35": 794371.3812377382, "36": 1551470.7763482572, "37": 1518809.5343026188, "38": 1766155.8488095002, "39": 1938119.7270523182, "40": 1193917.884336352, "41": 780773.9306361277, "42": 439350.63382951036, "43": 423910.19394704467, "44": 323895.85696009296, "45": 144335.27017938363, "46": 184648.6719648289, "47": 147991.65116906125, "48": 213116.60504549788, "49": 185301.33031086088, "50": 181988.4374740349, "51": 113009.89075128794, "52": 188659.06040102223, "53": 261948.0186343057, "54": 560639.8038073974, "55": 588197.7522304064, "56": 765641.9118118226, "57": 669795.6333660419, "58": 704209.6687513194, "59": 820452.3223913349, "60": 1513299.8010770578, "61": 1426671.0105823828, "62": 1953781.4395798654, "63": 1845543.0815122628, "64": 1027433.3175607448, "65": 541088.8679069562, "66": 181662.67289063422, "67": 251683.04875368503, "68": 300876.72717637656, "69": 102736.84644117342, "70": 182085.4705711456, "71": 143493.55895245983}, "Wind_speed": {"0": 4.7802817831356474, "1": 3.3713535558274, "2": 3.2896722948981547, "3": 3.290251658164669, "4": 3.0586559082675677, "5": 4.131685865111347, "6": 5.998004045717995, "7": 5.614416763472745, "8": 6.18784054193507, "9": 5.722377234320058, "10": 5.9433859987543185, "11": 5.539362182029675, "12": 7.445934619632003, "13": 8.270951554799934, "14": 8.318131325546611, "15": 7.976126177415677, "16": 6.51663428958979, "17": 5.418361431529375, "18": 4.14396141147526, "19": 4.8078593548340995, "20": 4.363700508569677, "21": 3.5185811791317443, "22": 4.084766126318491, "23": 3.6413886353162783, "24": 3.9159615022515415, "25": 3.832267815830378, "26": 3.994652575707131, "27": 3.8463773973580713, "28": 3.8155510969574102, "29": 4.051637035959465, "30": 5.563037199621718, "31": 5.166947765194703, "32": 5.734470792944584, "33": 5.567289741943304, "34": 5.777150445618436, "35": 6.317056037797523, "36": 7.896259265762339, "37": 7.840455686610929, "38": 8.244858519430661, "39": 8.504205255370305, "40": 7.235996568775603, "41": 6.280804869408598, "42": 5.185340564721882, "43": 5.123870596722911, "44": 4.68427083642234, "45": 3.577923270942339, "46": 3.8840868211164463, "47": 3.6078843252694854, "48": 4.074233944035963, "49": 3.8886576651110785, "50": 3.865343833599318, "51": 3.29770916580695, "52": 3.9120051877639073, "53": 4.364272962247987, "54": 5.624296086786384, "55": 5.714979187854948, "56": 6.239964218438972, "57": 5.967892207672039, "58": 6.0683999233507615, "59": 6.385447166635588, "60": 7.830963348321571, "61": 7.678589992516403, "62": 8.527050981029994, "63": 8.366585666320114, "64": 6.882687973838034, "65": 5.558143211926112, "66": 3.863036096874672, "67": 4.306504000943486, "68": 4.570563338881707, "69": 3.1945935457691377, "70": 3.866030689769761, "71": 3.5709546545890403}}}