{"Points": {"Calc_power": {"0": 338581.24761746364, "1": 234661.93554527464, "2": 192543.3531340123, "3": 101093.1727571026, "4": 71622.1576560106, "5": 93632.29088833342, "6": 95879.66436548487, "7": 73171.11213718852, "8": 91581.09071214893, "9": 163065.76418852838, "10": 209317.29500949747, "11": 218822.91164863695, "12": 237735.9765779439, "13": 281995.7316640652, "14": 285501.7463764502, "15": 300886.9277052405, "16": 340953.60831660446, "17": 310466.3135822956, "18": 247862.02123087144, "19": 171712.49769352423, "20": 70134.00236964443, "21": 60410.528983990356, "22": 93949.72764137005, "23": 101941.81202754595, "24": 75382.5518162275, "25": 53928.84667824591, "26": 64233.39256723152, "27": 29183.53873903767, "28": 28319.91077235126, "29": 38108.193948165404, "30": 30488.31012556774, "31": 18607.05727630168, "32": 36884.48656864136, "33": 85123.51123015463, "34": 122551.07395515392, "35": 141123.14922860076, "36": 190424.6029709112, "37": 309882.69018213905, "38": 275180.7924072861, "39": 298770.32758729823, "40": 262966.00367241865, "41": 190502.76317024438, "42": 147830.8202864761, "43": 106438.42311914788, "44": 34539.93837077571, "45": 37092.899598819335, "46": 48569.938973764256, "47": 35398.5209279576, "48": 25530.970670743973, "49": 23977.828882898546, "50": 21869.07462640867, "51": 12565.080787624689, "52": 13387.162894793857, "53": 23950.17984324787, "54": 30873.54317909077, "55": 18505.273703812603, "56": 43345.35083916597, "57": 83112.40257949758, "58": 93687.8577396436, "59": 111715.78792318216, "60": 163656.41299373299, "61": 184075.56018335512, "62": 205820.2779801028, "63": 218536.68457917174, "64": 234158.65393777733, "65": 209576.7420813365, "66": 139752.20915388857, "67": 84340.03187755779, "68": 38166.07150011501, "69": 29401.24858394917, "70": 39622.11108280691, "71": 36712.980451038784}, "Wind_speed": {"0": 4.953626800998666, "1": 4.383791264267648, "2": 4.104042293165821, "3": 3.310876080962557, "4": 2.9515588766286593, "5": 3.227336134239741, "6": 3.252953229313168, "7": 2.972684847130195, "8": 3.2035948579481985, "9": 3.8829033514100306, "10": 4.219918097023379, "11": 4.282853786931654, "12": 4.40285064618529, "13": 4.660685832394411, "14": 4.6799215579910625, "15": 4.762519395154843, "16": 4.965169523865868, "17": 4.812534017779505, "18": 4.464494713219048, "19": 3.9503564595084075, "20": 2.930973275752716, "21": 2.788730395553716, "22": 3.2309791777793917, "23": 3.3201147981186843, "24": 3.002335782845164, "25": 2.6851962267474576, "26": 2.8463563509582936, "27": 2.1881728988456333, "28": 2.166371553163002, "29": 2.3917095610977674, "30": 2.2203090810091206, "31": 1.8833377672000482, "32": 2.3658301650169125, "33": 3.1264548443561675, "34": 3.530270832635776, "35": 3.700284108089635, "36": 4.088933087049776, "37": 4.809516546804499, "38": 4.622834613005384, "39": 4.751325734175744, "40": 4.553397025564918, "41": 4.0894924477353225, "42": 3.7580046484224394, "43": 3.368230426420233, "44": 2.314601179814735, "45": 2.3702777806131983, "46": 2.593133266574136, "47": 2.3336229618830244, "48": 2.092785702404091, "49": 2.0494575921832983, "50": 1.9875243263113707, "51": 1.6523070115897065, "52": 1.6875830965790137, "53": 2.048669540173901, "54": 2.2296214918428725, "55": 1.8798974337904617, "56": 2.4966049363974547, "57": 3.1016367205741107, "58": 3.2279744376909734, "59": 3.4230021218997986, "60": 3.8875858563344696, "61": 4.04297473746639, "62": 4.196285588707188, "63": 4.28098560417884, "64": 4.380655035308153, "65": 4.221660895126815, "66": 3.6882629671822955, "67": 3.116833269867565, "68": 2.3929197669171156, "69": 2.19360069672587, "70": 2.42297084151438, "71": 2.362157574284307}}}