{"Points": {"Calc_power": {"0": -73672.97169778612, "1": -7603228.007575955, "2": -3727791.5668153763, "3": -4142738.610412153, "4": -4920819.108560239, "5": -1158830.319242823, "6": 120318.71028891123, "7": 5344718.639451102, "8": 8514019.056994122, "9": 6814211.15135468, "10": 3173519.727816918, "11": 64919.305638582126, "12": 63424.53812293463, "13": 97205.00328352017, "14": 593.5992944266634, "15": -20649.064543621338, "16": 736986.6092141038, "17": 1067398.1191881334, "18": 7973802.616670631, "19": 10361746.347330239, "20": 9319403.707085695, "21": 1775777.4753128213, "22": 9622004.626675667, "23": 1132082.65583461, "24": -562.8215263541609, "25": -628.6541410071013, "26": -18656.394455828166, "27": -1403581.6961857541, "28": -799722.2384359323, "29": -1152169.6593704105, "30": -1105983.6167323305, "31": 762758.3544174249, "32": 614824.350855093, "33": 328654.587285775, "34": 2213048.7084050807, "35": 2033058.9408035346, "36": 4581021.058843707, "37": 11271521.024449838, "38": 2028839.7544120103, "39": 1188889.6542832586, "40": 772032.8871347462, "41": 3312744.27907841, "42": 3873974.4800731107, "43": 1333750.3463459243, "44": 781882.9469802777, "45": 9816.935450692508, "46": 2305141.095981145, "47": 741186.58352406, "48": 102644.95117232235, "49": 490750.03902395215, "50": 1049239.0399999593, "51": 397531.05701659585, "52": -6155.084761390521, "53": -193934.2034802116, "54": -191.41463103496568, "55": 2.8225117728310014, "56": -390.03932443667514, "57": -207.45750464254994, "58": 36722.89128755647, "59": 13611885.017521232, "60": 8148511.517245951, "61": 24612154.09291142, "62": 21171727.826531123, "63": 19989481.533627845, "64": 2614690.128571317, "65": 1426366.1311475178, "66": 183911.1161091889, "67": 101705.55397405566, "68": 873314.8096847885, "69": 13569.736434013415, "70": 3672.2409985211148, "71": 823137.9623681172}, "Wind_speed": {"0": -2.859408885161815, "1": -13.412390966216932, "2": -10.576064079333296, "3": -10.954756038944574, "4": -11.60163861111037, "5": -7.164405349004604, "6": 3.367321544361892, "7": 11.925643306834644, "8": 13.927881795123259, "9": 12.931395520967381, "10": 10.023527828607321, "11": 2.7413521104735263, "12": 2.7201486469066145, "13": 3.1361951058512965, "14": 0.5732419856394824, "15": -1.8712866828536114, "16": 6.161125641826834, "17": 6.970795530488128, "18": 13.626846379162476, "19": 14.870235684285138, "20": 14.353888712518565, "21": 8.259803468595997, "22": 14.507593785921706, "23": 7.108853733384436, "24": -0.5631582268747111, "25": -0.5843110865116987, "26": -1.8090452836865012, "27": -7.636940933939833, "28": -6.331208130346811, "29": -7.150652577122208, "30": -7.0537992824256674, "31": 6.232120721009035, "32": 5.79994514777392, "33": 4.707100083426859, "34": 8.888678343101136, "35": 8.64085776080107, "36": 11.328201421386936, "37": 15.293294138728676, "38": 8.634876193199853, "39": 7.22582405087706, "40": 6.257278234159252, "41": 10.168014820129637, "42": 10.71253987457333, "43": 7.508128808744193, "44": 6.283777227828491, "45": 1.4604908645663732, "46": 9.01030248200522, "47": 6.172807251140114, "48": 3.193640769766016, "49": 5.380140872103951, "50": 6.931039067454289, "51": 5.015303516474274, "52": -1.2500235997135016, "53": -3.9481320516739276, "54": -0.39309595646342377, "55": 0.09639447011630597, "56": -0.4983597946153546, "57": -0.40378475335932595, "58": 2.267179061440996, "59": 16.285944743566123, "60": 13.725651282633542, "61": 19.840688626546346, "62": 18.86943806881736, "63": 18.511461565035848, "64": 9.396806316142362, "65": 7.678042982275965, "66": 3.8789084216835708, "67": 3.183868260479616, "68": 6.519742968838005, "69": 1.6269117800990625, "70": 1.0523267041178723, "71": 6.392406878170072}}}