{"Points": {"Calc_power": {"0": 28530.55568142166, "1": 7140.580362941485, "2": 12938.479664980274, "3": 987.8680186522071, "4": 192.1078542067348, "5": 313.66940841415203, "6": -7520.556649934889, "7": 4007.8314540309702, "8": 59343.01972423398, "9": 920277.8761693717, "10": 192080.54348833763, "11": 330015.2546543837, "12": 383357.09360843146, "13": 1142927.5370668748, "14": 1465737.332325926, "15": 1435907.2655884458, "16": 2087257.8264266683, "17": 873688.3251846608, "18": 743323.033408217, "19": 706456.0591791132, "20": 96438.6227048841, "21": 432110.4191901186, "22": 828106.3628850325, "23": 199605.89125265108, "24": 36762.512291686995, "25": 9264.297470069478, "26": 1975.513314765607, "27": 7.884902816223283, "28": 25356.526373124754, "29": 46907.85122070345, "30": 43160.515326811365, "31": 99618.94859639423, "32": 58925.59922896336, "33": 125994.65296244068, "34": 334982.9354946939, "35": 647997.489441601, "36": 51240.071818643926, "37": 796777.1484120076, "38": 1348447.8468230187, "39": 1872897.9887052788, "40": 502812.97992257937, "41": 10266.637305325423, "42": -2066.4464947144, "43": -977.2618917844529, "44": 860.5582533067226, "45": -3111.766470826874, "46": 283.57433159041597, "47": 8688.103148388647, "48": 843.8317206553808, "49": -0.0006253969549879122, "50": -89.67216682323473, "51": 168249.14369302185, "52": 6535.813697318384, "53": 6215.255827301428, "54": 15163.291022297772, "55": 223501.8152356606, "56": -1812.7874738402702, "57": 5841.936981050187, "58": 7068.689369602881, "59": 42160.5494051466, "60": 92226.25473123798, "61": 850311.8979724206, "62": 1166649.7794699895, "63": 1171966.038160019, "64": 320255.8004864932, "65": 4473.330421036795, "66": 1289.8486422003173, "67": 12911.365398323522, "68": 15800.39683497959, "69": 1520.5359840066233, "70": 22999.771352602987, "71": 26177.022746167386}, "Wind_speed": {"0": 2.08422024353942, "1": 1.3134635850210905, "2": 1.6012824685574545, "3": 0.67931808227194, "4": 0.39356992741083086, "5": 0.463444345770198, "6": -1.336360187167162, "7": 1.083452849476263, "8": 2.6605009213763577, "9": 6.634576307814585, "10": 3.9355127610529532, "11": 4.713587115853809, "12": 4.954973858783358, "13": 7.131481585858854, "14": 7.748047053115666, "15": 7.695124735432877, "16": 8.716970288589529, "17": 6.520672331281251, "18": 6.178732543833261, "19": 6.074845695886216, "20": 3.1279312533930064, "21": 5.1566989644243595, "22": 6.4052424545797475, "23": 3.986251093221444, "24": 2.267994135467912, "25": 1.4325540940629287, "26": 0.8558549891493382, "27": 0.13576015170800426, "28": 2.0038726564499427, "29": 2.459926018310247, "30": 2.3925943534757765, "31": 3.1619440743278076, "32": 2.6542482246798276, "33": 3.4194603415663822, "34": 4.7371204506765565, "35": 5.902436281141885, "36": 2.533437003510199, "37": 6.32342671459779, "38": 7.535607176367366, "39": 8.407720013085113, "40": 5.423866936056061, "41": 1.4824598484159432, "42": -0.8687902157263343, "43": -0.676878190334417, "44": 0.6487842391093568, "45": -0.9958085832850978, "46": 0.4481215595032948, "47": 1.4022168743148344, "48": 0.6445532689378481, "49": -0.0058330019342796025, "50": -0.30529949624170405, "51": 3.7655159122550104, "52": 1.2752835402137959, "53": 1.2540837375583282, "54": 1.6882549162893583, "55": 4.1393665379450555, "56": -0.8316791810863284, "57": 1.2284547264254568, "58": 1.3090407475582229, "59": 2.3739721523931836, "60": 3.0817096891104985, "61": 6.461990050246245, "62": 7.180483701346027, "63": 7.191373993768212, "64": 4.666656854506748, "65": 1.123872882586552, "66": 0.7424828897333113, "67": 1.6001631210656972, "68": 1.711576038457385, "69": 0.7843425342872623, "70": 1.9397601774731845, "71": 2.025257658437192}}}