{"Points": {"Calc_power": {"0": 248130.23434281602, "1": 21146.813671288885, "2": 47789.71563840698, "3": 16135.499710226864, "4": 19591.21417147941, "5": 29966.503124285922, "6": 152979.9124393038, "7": 120591.81049855557, "8": 177307.1132416569, "9": 136211.51942513254, "10": 141276.7623667327, "11": 50939.20087830855, "12": 129137.09618261288, "13": 46067.229602716965, "14": 210157.1955676941, "15": 95552.9745571539, "16": 46451.69572265296, "17": 5687.024992742356, "18": 1016.254994770168, "19": 20312.999940956593, "20": 45180.22962743324, "21": 21099.746488276433, "22": 96636.79202409823, "23": 44308.999440935455, "24": 58973.476198808, "25": 24838.11142400592, "26": 65379.23895146673, "27": 2012.0967399083295, "28": 41505.00051249412, "29": 39258.93475214725, "30": 3126.304904394746, "31": 124167.157138321, "32": 201598.34989071352, "33": 146994.09118609093, "34": 278370.63347458397, "35": 554690.8991271118, "36": 336847.69330389897, "37": 172283.9595389468, "38": 257024.18885193698, "39": 274977.82235383964, "40": 116921.75871406132, "41": 37045.5982238041, "42": 32507.64320730468, "43": 9122.374638599518, "44": 21057.894374932956, "45": 3210.497490739097, "46": 1074.5583199983162, "47": 8646.546925090133, "48": 91976.88999292391, "49": 113865.42365811906, "50": 20234.415577490647, "51": 138377.3982120906, "52": 19704.56672298717, "53": 6098.84255360754, "54": 102082.19332474348, "55": 97815.68707774792, "56": 349379.79898957955, "57": 486053.9207689157, "58": 397875.74703063146, "59": 367407.959585027, "60": 1072489.131221271, "61": 292952.560626427, "62": 104690.61686216503, "63": 281470.101575347, "64": 69803.09668762205, "65": 80671.09483373072, "66": 62348.92738645176, "67": 144619.13174889443, "68": 177131.0308514643, "69": 160746.7935699782, "70": 35219.996555177466, "71": 156181.44492581685}, "Wind_speed": {"0": 4.28614403729031, "1": 1.8862033530095865, "2": 2.4752458921723113, "3": 1.723591483917724, "4": 1.838769608789939, "5": 2.1186158738904073, "6": 3.6479734510777186, "7": 3.3698673421293, "8": 3.831912521280566, "9": 3.5094964880285913, "10": 3.552470205580218, "11": 2.5284686630952575, "12": 3.447655567483263, "13": 2.4451428214095117, "14": 4.055287239810748, "15": 3.1183266288814977, "16": 2.4519261785957, "17": 1.2174989030901204, "18": 0.685763602283078, "19": 1.8610793431432011, "20": 2.4293477002062045, "21": 1.8848029178270413, "22": 3.130072290166474, "23": 2.4136308456165723, "24": 2.65496688777744, "25": 1.9901221037587988, "26": 2.747810760728838, "27": 0.8611057425291274, "28": 2.3616036290086617, "29": 2.318211397796632, "30": 0.9973570080268832, "31": 3.4028471800664035, "32": 3.999470741381484, "33": 3.599759546758499, "34": 4.4536355221455715, "35": 5.604332320887682, "36": 4.745894272216244, "37": 3.7953789782286593, "38": 4.336754775587517, "39": 4.435467714893445, "40": 3.3353287428064613, "41": 2.2738007414145245, "42": 2.176884369954938, "43": 1.42520116154784, "44": 1.883555901285933, "45": 1.0062308879570958, "46": 0.6986347710947065, "47": 1.399977644046197, "48": 3.0789297020729673, "49": 3.306009940797381, "50": 1.8586762721634622, "51": 3.528000082005509, "52": 1.8423090955803172, "53": 1.2462045721151582, "54": 3.1877936208188813, "55": 3.142749043915471, "56": 4.804034635562026, "57": 5.362924503547713, "58": 5.016752649067106, "59": 4.885282919266121, "60": 6.981860483992679, "61": 4.530080982527625, "62": 3.2147172891395805, "63": 4.4701039540348955, "64": 2.808439652536771, "65": 2.9472219974065186, "66": 2.7046839788970076, "67": 3.5802672806687843, "68": 3.8306436197609344, "69": 3.7086937515429264, "70": 2.23581896691738, "71": 3.6732459784973175}}}