{"Points": {"Calc_power": {"0": 15397.65283200885, "1": 77250.947091963, "2": 22595.382747064254, "3": 116360.12962772172, "4": 10215.554951640706, "5": 139903.19074317787, "6": 120370.151922691, "7": 1046538.9638732016, "8": 236452.02128151193, "9": 867422.5746668243, "10": 1107024.1695449075, "11": 904900.5266510397, "12": 260006.18774650645, "13": 1287494.3231958537, "14": 872139.5372223629, "15": 222912.1497797168, "16": 1002788.036217669, "17": 274320.4725668876, "18": 29423.091948400823, "19": 99363.98854439832, "20": 6272.241494825568, "21": 33461.57036195508, "22": 338472.7876137891, "23": 238826.02363494472, "24": 228.75562409065193, "25": 241765.0329002252, "26": 28415.560745172563, "27": 194841.91441280796, "28": 9283.016394920942, "29": 241446.42296690904, "30": 119807.29226627667, "31": 38469.806520158214, "32": 295372.1291641829, "33": 987335.6888761031, "34": 383629.2832192722, "35": 38941.112374553166, "36": -0.04334935139945064, "37": 353751.1062028447, "38": 369626.90471097943, "39": 275892.97106554115, "40": 70894.0206563093, "41": 91973.98400778424, "42": -392.1342562192243, "43": 179008.25281240782, "44": 180988.25330182991, "45": 1763.8466611576703, "46": 24004.305693873397, "47": 29935.588389126377, "48": 1429753.4495046276, "49": 276958.5513585265, "50": 51185.5284292873, "51": 233808.0057605613, "52": 618943.9376147003, "53": 211758.47879014554, "54": 1998407.8271836531, "55": 1417021.7052552958, "56": 518657.8917985845, "57": 362699.01861951506, "58": 143230.26475054063, "59": 109736.43164019783, "60": 882818.0807541505, "61": 869645.3274896524, "62": 352707.83816996514, "63": 2756055.657849701, "64": 353452.9061824994, "65": 76893.87161229628, "66": 20.734642867947187, "67": 48365.76315841932, "68": 127706.07254429202, "69": 19369.735888630617, "70": 74300.07022458785, "71": 121198.66644087397}, "Wind_speed": {"0": 1.6969083008832113, "1": 2.9049687877981194, "2": 1.9283244169209537, "3": 3.3299797955163704, "4": 1.4799970659677886, "5": 3.5409196572392334, "6": 3.367801369543532, "7": 6.925088593400146, "8": 4.217818395628711, "9": 6.505047015870254, "10": 7.056010752800949, "11": 6.59741514834972, "12": 4.35346202884088, "13": 7.420308712694725, "14": 6.516816985315105, "15": 4.135723031119049, "16": 6.827209780006976, "17": 4.431930483942532, "18": 2.1057313809456524, "19": 3.1592442594368095, "20": 1.2579048456049087, "21": 2.197972760401017, "22": 4.753514091943111, "23": 4.231887191398085, "24": 0.4171550061077165, "25": 4.2491757630934455, "26": 2.0814162613824636, "27": 3.954282223188236, "28": 1.433518291361864, "29": 4.2473083511126974, "30": 3.3625438040391513, "31": 2.3025736673443102, "32": 4.5425184945816675, "33": 6.791960395798156, "34": 4.956146284664274, "35": 2.3119387139411804, "36": -0.023960786399588763, "37": 4.823987071356413, "38": 4.895098007589487, "39": 4.440382799581673, "40": 2.8229947391681423, "41": 3.0788972757457596, "42": -0.49925044510164307, "43": 3.8441283899322203, "44": 3.8582496835121107, "45": 0.8241263663195655, "46": 1.9675989521786037, "47": 2.1178870714196654, "48": 7.684116087601745, "49": 4.446092146253996, "50": 2.5325377639426176, "51": 4.202038161528195, "52": 5.81287036220337, "53": 4.065560883053078, "54": 8.591485082046706, "55": 7.661239406815743, "56": 5.4802520071675005, "57": 4.864322118632133, "58": 3.568769220135166, "59": 3.265556064287259, "60": 6.543306633297011, "61": 6.510598627121531, "62": 4.819240167900622, "63": 9.563191685938891, "64": 4.822631205219013, "65": 2.900486014452004, "66": 0.18738682502518245, "67": 2.4851515681232526, "68": 3.4348732509815982, "69": 1.8318142479956752, "70": 2.8674989952695036, "71": 3.37551063075696}}}