{"Points": {"Calc_power": {"0": 84990.82050026878, "1": 218813.21220152423, "2": 54739.066091621266, "3": 133267.18679477376, "4": 92819.60769520856, "5": 58433.71697825931, "6": 925940.3091476208, "7": 202166.53181972518, "8": 253898.54325989896, "9": 211440.85997205265, "10": 158732.98968364243, "11": 715601.3921813922, "12": 1422754.7560887944, "13": 1562018.925489849, "14": 1928143.5183365247, "15": 1477061.291184156, "16": 995159.7835249255, "17": 1113258.8038938474, "18": 478275.54304719804, "19": 386115.04433883604, "20": 387490.8436507314, "21": 187601.97633686516, "22": 472571.34856514476, "23": 216819.9585171655, "24": 62075.946227316635, "25": 290213.5279389521, "26": 150364.06366296447, "27": 80321.90905778366, "28": 110227.71253042253, "29": 185709.7455729291, "30": 385760.74722421344, "31": 414729.70108283573, "32": 351261.01733509154, "33": 358385.83211115404, "34": 515083.41680893314, "35": 990446.3976659443, "36": 1417553.1528509662, "37": 1451176.65415729, "38": 2053890.4974801173, "39": 1402525.318924031, "40": 897373.9381503359, "41": 756098.232117439, "42": 370015.13269082026, "43": 308143.52978481405, "44": 354236.9990431035, "45": 114528.54793141913, "46": 215111.33300812764, "47": 182971.41563836418, "48": 149577.72179229974, "49": 245352.04140506557, "50": 218258.20181147358, "51": 182978.8270710702, "52": 186019.8127882812, "53": 214650.43108256915, "54": 317105.7318672646, "55": 412767.6396653968, "56": 382823.9707238178, "57": 471584.4847813044, "58": 630024.2644554945, "59": 975917.9605962638, "60": 1180426.3309345199, "61": 1272276.5545141255, "62": 1665529.4754732049, "63": 1594002.897971808, "64": 1013321.8155569781, "65": 718861.8667411666, "66": 273471.43186851725, "67": 276143.122151631, "68": 256222.739118727, "69": 85610.16616051178, "70": 196144.57634538223, "71": 178155.66011822547}, "Wind_speed": {"0": 2.998915348699972, "1": 4.110216643903452, "2": 2.589838369673907, "3": 3.484025109704658, "4": 3.088304463851728, "5": 2.6468421209105157, "6": 6.648155921760704, "7": 4.003224567541026, "8": 4.319103414419991, "9": 4.063527206449177, "10": 3.6931413644135374, "11": 6.100947089576815, "12": 7.671557567631698, "13": 7.914113908768436, "14": 8.489588732956534, "15": 7.767949114112085, "16": 6.809854068425183, "17": 7.069232180216747, "18": 5.3341626913533196, "19": 4.966827848496682, "20": 4.972720097703615, "21": 3.9046849879233996, "22": 5.312871705734271, "23": 4.0976980397423866, "24": 2.7007309147310057, "25": 4.515918379235071, "26": 3.6270612069718755, "27": 2.9429634855343405, "28": 3.270422017764517, "29": 3.8915125137395745, "30": 4.965308205308819, "31": 5.086611622120456, "32": 4.812641568872649, "33": 4.8449631383890415, "34": 5.467633414572951, "35": 6.799085855222696, "36": 7.662197058193135, "37": 7.722305180686992, "38": 8.670270123504627, "39": 7.63502452357229, "40": 6.579072674963196, "41": 6.2139288159806725, "42": 4.896811220764058, "43": 4.607067238726606, "44": 4.826194714326918, "45": 3.3124153191480223, "46": 4.08690582343717, "47": 3.8722906635386227, "48": 3.6207274764568513, "49": 4.2700873411726015, "50": 4.106738571783758, "51": 3.872342946448648, "52": 3.8936771093985882, "53": 4.083984840357276, "54": 4.651305842122975, "55": 5.0785774539007855, "56": 4.9526758834465685, "57": 5.309170864500929, "58": 5.847352717478718, "59": 6.765677668837591, "60": 7.208637096966126, "61": 7.3909575461339445, "62": 8.0852038472415, "63": 7.9677659529634255, "64": 6.851032018025815, "65": 6.110198910557659, "66": 4.427353382155128, "67": 4.441724420132853, "68": 4.3322424767465, "69": 3.0061822970786185, "70": 3.9630750878535705, "71": 3.838015649436809}}}