{"Points": {"Calc_power": {"0": 82811.39663067013, "1": 773838.3547556145, "2": 60382.1044001751, "3": 140466.00322399923, "4": 100403.0705516644, "5": 87439.11524296898, "6": 943638.6344745442, "7": 275917.9555809869, "8": 955836.4234816426, "9": 193753.45201531213, "10": 173345.2681250462, "11": 267392.38874271105, "12": 1133938.4990519932, "13": 626870.980844454, "14": 862511.4120020692, "15": 864153.4538458969, "16": 200665.852107447, "17": 675085.2430741553, "18": 158246.19203473374, "19": 232697.8138942106, "20": 60286.58989103284, "21": 162704.76447426068, "22": 520505.1312862029, "23": 95360.02422728288, "24": 51219.69261302018, "25": 74117.97595270826, "26": 75166.86906467374, "27": 119481.30550945418, "28": 5210.875178593597, "29": 127408.87700248255, "30": 784696.9526192658, "31": 529246.7379392401, "32": 545809.3737484493, "33": 270198.984703716, "34": 1047107.8486168116, "35": 185868.6274841739, "36": 1125064.7383232657, "37": 1084769.8264786042, "38": 2358702.51125462, "39": 644374.2154999624, "40": 1022997.121304521, "41": 548079.3247327136, "42": 467098.63663162675, "43": 242816.59586198564, "44": 138883.92199831764, "45": 57358.105404533715, "46": 129078.437356133, "47": 255763.4492199404, "48": 115683.69005806462, "49": 97249.52579298077, "50": 262718.30291505007, "51": 247340.9490146349, "52": 245308.9832592624, "53": 254465.3642293199, "54": 631436.9707703633, "55": 316363.1230010972, "56": 421332.76381809835, "57": 544815.1333594831, "58": 586453.4948956658, "59": 1124085.7652625714, "60": 722338.2178984727, "61": 2150450.5051581264, "62": 2712904.5718074925, "63": 2697619.59791853, "64": 1857667.218517324, "65": 1276753.2181381849, "66": 689683.5253665929, "67": 284824.23020983394, "68": 331672.4238091564, "69": 80928.4288773934, "70": 23147.277268864527, "71": 94804.27447684041}, "Wind_speed": {"0": 2.973059284563414, "1": 6.262152170778474, "2": 2.6759394441533573, "3": 3.545661525204414, "4": 3.1702185138781553, "5": 3.0274393477425674, "6": 6.69024626345257, "7": 4.440516834002697, "8": 6.718949727481993, "9": 3.946905084896633, "10": 3.8031564970516176, "11": 4.394301790973831, "12": 7.1127361693963955, "13": 5.83758102570615, "14": 6.492747041068519, "15": 6.496864707861549, "16": 3.9932946612081555, "17": 5.983561207280756, "18": 3.689362159471858, "19": 4.195376753111256, "20": 2.674527734888411, "21": 3.723690897723544, "22": 5.486750409709748, "23": 3.1162262665707146, "24": 2.533101092714885, "25": 2.8651545278194077, "26": 2.878606841886697, "27": 3.359491289704557, "28": 1.1825252506167578, "29": 3.4322066538819476, "30": 6.291306664154992, "31": 5.517295729435872, "32": 5.574259675132026, "33": 4.409622757694597, "34": 6.926343161637725, "35": 3.8926219775136, "36": 7.094133725855427, "37": 7.0084083519561755, "38": 9.079555537802062, "39": 5.891414567649535, "40": 6.872767782641944, "41": 5.581976530207864, "42": 5.292283080156482, "43": 4.255327484200416, "44": 3.5322995316197527, "45": 2.6305009656633764, "46": 3.447133471033491, "47": 4.32965235365388, "48": 3.3235144963413017, "49": 3.1366738533734835, "50": 4.368546635935312, "51": 4.281594566209585, "52": 4.269837533047958, "53": 4.322315115697046, "54": 5.8517199701917155, "55": 4.647672142661892, "56": 5.1134648747789475, "57": 5.5708729477263415, "58": 5.709324477281703, "59": 7.092075479508213, "60": 6.120032533009496, "61": 8.804067226124372, "62": 9.513019175010482, "63": 9.495119517385286, "64": 8.384866881292353, "65": 7.399616067125422, "66": 6.026384216744498, "67": 4.487789833790802, "68": 4.721463694055702, "69": 2.9503524683190046, "70": 1.9438981402823932, "71": 3.110160771587392}}}