{"Points": {"Calc_power": {"0": 625179.2243403806, "1": 497624.8057406299, "2": 1376744.4330970393, "3": 291348.824777753, "4": 196519.50664705373, "5": 1597844.5271796777, "6": 408910.21871983475, "7": 256221.16591831585, "8": 1023479.0255877875, "9": 707086.273053885, "10": 340981.22180349415, "11": 212036.6163672094, "12": 3169371.1598652126, "13": 433761.63937524566, "14": 2205385.262116628, "15": 1912179.246642521, "16": 834340.0087938068, "17": 1039065.5004559926, "18": 923602.5273471663, "19": 1541063.411931845, "20": 442426.87871525873, "21": 315778.1418400219, "22": 839508.6616229316, "23": 565092.2701132072, "24": 488565.93520793895, "25": 1165123.551822277, "26": 806717.4338150687, "27": 305506.29217198957, "28": 891043.9874413866, "29": 992141.7666244989, "30": 638608.3608105433, "31": 2020344.9618362938, "32": 4240347.94843103, "33": 1617330.2798019014, "34": 3527096.333437738, "35": 1979331.2286008566, "36": 1209731.471189012, "37": 1154161.3877749064, "38": 999251.990109858, "39": 1601171.3239058366, "40": 2230893.7075822405, "41": 463093.28723237314, "42": 1219993.173422108, "43": 1101881.2745389368, "44": 416353.4481498916, "45": 718507.5233542054, "46": 833865.2804226133, "47": 362796.8629373821, "48": 1008668.1467957983, "49": 419902.7569428011, "50": 1390850.7443549917, "51": 1492365.149579888, "52": 746628.351199422, "53": 979725.8415724043, "54": 1069907.4353500574, "55": 916096.3623423361, "56": 1662134.4658151274, "57": 831579.6604203323, "58": 2571976.3748843507, "59": 1172391.6448450151, "60": 3812360.8936881507, "61": 5124227.860553879, "62": 4736400.750722451, "63": 3078208.07238987, "64": 2123397.4562174785, "65": 923276.522921144, "66": 1315524.7271964478, "67": 497671.12394879764, "68": 500656.3243846863, "69": 387406.94402119843, "70": 108682.93488486682, "71": 540763.2072617179}, "Wind_speed": {"0": 5.832324939883266, "1": 5.405147377817894, "2": 7.587953183298865, "3": 4.521799378889723, "4": 3.9655986195920914, "5": 7.974161726646868, "6": 5.062707706064852, "7": 4.332233610112703, "8": 6.873846800439912, "9": 6.076651570968795, "10": 4.7652280241409635, "11": 4.067340096394201, "12": 10.019158188281525, "13": 5.163259033412539, "14": 8.878406436645797, "15": 8.466093615287875, "16": 6.421274309442962, "17": 6.908564895134072, "18": 6.642556195709782, "19": 7.878563435592038, "20": 5.1974146659573375, "21": 4.644805733849444, "22": 6.434506739588539, "23": 5.639145780010613, "24": 5.3721474871752966, "25": 7.177351131673123, "26": 6.349614326058058, "27": 4.593886413133164, "28": 6.563566871738294, "29": 6.802963025623336, "30": 5.873789785650125, "31": 8.622807867690435, "32": 11.04012603209441, "33": 8.00644587646712, "34": 10.38275581226569, "35": 8.56405981447744, "36": 7.267803766062461, "37": 7.154770593050258, "38": 6.81917559290268, "39": 7.979692098919109, "40": 8.912505807133293, "41": 5.277112606855541, "42": 7.288295957885467, "43": 7.045067100513177, "44": 5.093241333837011, "45": 6.109194793485758, "46": 6.420056205151515, "47": 4.864759490909903, "48": 6.840528160096892, "49": 5.10767327025825, "50": 7.613780906123052, "51": 7.794684941951548, "52": 6.18787727958152, "53": 6.774465791459664, "54": 6.976253737802686, "55": 6.624512428151239, "56": 8.079706492879147, "57": 6.414185058409345, "58": 9.345356173158322, "59": 7.192244418995993, "60": 10.655443607896366, "61": 11.759341716847612, "62": 11.454857215368618, "63": 9.922159191098997, "64": 8.766992410172286, "65": 6.641774561658362, "66": 7.473772459908739, "67": 5.4053150737548865, "68": 5.416101174761064, "69": 4.97236117353301, "70": 3.2550723964278814, "71": 5.557027910373681}}}