{"Points": {"Calc_power": {"0": 699729.9809139861, "1": 290858.65763966704, "2": -3260.3640083874825, "3": -92062.20024727692, "4": 411616.83333177306, "5": 401708.8367144924, "6": 1067644.9379579527, "7": 58100.76038621363, "8": 278611.1561950375, "9": -2881.6413506109484, "10": -440.5797112948279, "11": 2482701.8836638397, "12": 6952.797615321938, "13": 9145.619714746028, "14": 12407977.841220122, "15": 4663799.22119054, "16": 3347983.274868536, "17": 3531526.199432664, "18": 9908455.52981284, "19": 22819907.675092995, "20": 9256721.581438882, "21": 11908395.502216985, "22": 8887117.995144114, "23": 5499139.190104834, "24": 161396.83670141635, "25": -1463306.6656445053, "26": -1163158.7996710478, "27": -1491124.407989071, "28": -2761617.523630495, "29": -789157.4124729306, "30": 69027.50644776868, "31": 4924079.922563076, "32": 13525907.802346997, "33": 7880155.42200543, "34": 4503022.267829746, "35": 560606.2249726198, "36": 181846.4205772391, "37": 168954.1355014006, "38": 14111.066195775891, "39": 1126.9751685538179, "40": 1889337.3475026153, "41": 3969503.0599480853, "42": 18130616.05462886, "43": 19565440.353139803, "44": 12597170.08166617, "45": 5574067.280898508, "46": 19800018.43596645, "47": 3197308.4790491234, "48": 37056.70682706868, "49": 2860.8919929502863, "50": -56.52867406720495, "51": -1018361.2319243969, "52": -324603.6437854404, "53": -175501.30807374784, "54": -264160.594699847, "55": 1479171.0025337448, "56": 1773303.8951263698, "57": 791819.7708038596, "58": 2553887.326073978, "59": 3583388.8281658147, "60": 5869068.88310917, "61": 10091876.081084644, "62": 3414749.271465762, "63": 2053000.5121121765, "64": 1782257.9876276292, "65": 4092178.738755431, "66": 4458728.074824615, "67": 2378042.6528298547, "68": 512777.7241616263, "69": 1156.1292808001094, "70": 2236322.745573937, "71": 934307.5158217624}, "Wind_speed": {"0": 6.055504907323775, "1": 4.519262120664171, "2": -1.0114138499378837, "3": -3.0798813291944205, "4": 5.073853327891616, "5": 5.0328114641117825, "6": 6.971332784129826, "7": 2.6418052874153437, "8": 4.454917855878271, "9": -0.970629549811445, "10": -0.5190171369550951, "11": 9.2359532132997, "12": 1.301847346774391, "13": 1.4264106715560496, "14": 15.790911615861978, "15": 11.396027314732159, "16": 10.203941487826746, "17": 10.387100743663915, "18": 14.650153929131125, "19": 19.346904771492788, "20": 14.321634967197795, "21": 15.576072130346745, "22": 14.12842818555314, "23": 12.039407207030527, "24": 3.7136862171029628, "25": -7.74376176057336, "26": -7.1733144638936235, "27": -7.792524194804223, "28": -9.569620371921319, "29": -6.303204725240185, "30": 2.7979992563246974, "31": 11.604200679985784, "32": 16.25158313852389, "33": 13.573289978251209, "34": 11.26353979685566, "35": 5.624183797768051, "36": 3.864338115877896, "37": 3.7707679620875294, "38": 1.6482641371788311, "39": 0.7098146882640286, "40": 8.432247970290524, "41": 10.799879586698106, "42": 17.918887933722765, "43": 18.379629051426456, "44": 15.870765108184262, "45": 12.093841387982579, "46": 18.452791071048402, "47": 10.048511012155055, "48": 2.274027994918757, "49": 0.9682942518594775, "50": -0.26177598309854133, "51": -6.862370346674958, "52": -4.6876804232007245, "53": -3.818859251559592, "54": -4.376526315856389, "55": 7.77164571858206, "56": 8.255966505075328, "57": 6.3102850841997045, "58": 9.323395567929094, "59": 10.437700830571536, "60": 12.303535741949657, "61": 14.740000651073057, "62": 10.271325051540908, "63": 8.669017617853434, "64": 8.26983903065303, "65": 10.910007886715652, "66": 11.226486589537547, "67": 9.104303906917997, "68": 5.459462867627241, "69": 0.7158834677628629, "70": 8.919729688593952, "71": 6.668121130811002}}}