{"Points": {"Calc_power": {"0": 35.37520874268589, "1": 26268.64956629467, "2": 22275.594002906262, "3": 71560.69866104452, "4": 199739.0010691107, "5": 73325.39835410441, "6": 231521.70242212046, "7": 406164.8930973886, "8": 301292.658177524, "9": 272253.6691335889, "10": 508253.5881200735, "11": 872220.5999976316, "12": 680910.1814862387, "13": 1095368.0921048569, "14": 1711510.0847835958, "15": 851498.2714502354, "16": 595463.9637841075, "17": 323487.34153919644, "18": 117781.00632931828, "19": 139692.5061164643, "20": 84424.15574547686, "21": 65477.09482470982, "22": 53929.947913747215, "23": 48389.61537815504, "24": 3060.3540155722367, "25": 5187.967047495842, "26": 5963.898393539821, "27": 21206.864468438474, "28": 40416.31809828149, "29": 79833.9282282036, "30": 265523.4774063195, "31": 375224.3738723781, "32": 302011.14919593505, "33": 268632.59246456285, "34": 435281.06772942434, "35": 408949.09141365497, "36": 463682.21932953096, "37": 1095176.610344765, "38": 1646735.6524166442, "39": 667042.1466995527, "40": 413073.25325480016, "41": 388504.21031654504, "42": 232641.437471842, "43": 282841.2243447809, "44": 164758.03287737412, "45": 181802.86842050095, "46": 142532.25993855053, "47": 88353.06939701752, "48": 31601.729146502956, "49": 34168.74331950492, "50": 95740.98696562288, "51": 135026.18104057, "52": 93400.24262298684, "53": 203550.4302298548, "54": 362621.90723254654, "55": 509576.38978833123, "56": 273544.0122417083, "57": 296112.2746312945, "58": 404723.8413854978, "59": 421826.32730391354, "60": 579761.5264827977, "61": 1188142.5059405135, "62": 2115628.558292901, "63": 1514002.6548877982, "64": 839546.9468725732, "65": 430520.85248982697, "66": 319485.9493999598, "67": 216294.9832452659, "68": 174788.06239489262, "69": 336462.85374331503, "70": 217655.44476938722, "71": 128370.4345007175}, "Wind_speed": {"0": 0.22390985226339044, "1": 2.0276178940786327, "2": 1.9191840733950891, "3": 2.831816168030543, "4": 3.9871369910003622, "5": 2.854905101642274, "6": 4.188296659258706, "7": 5.051352318459498, "8": 4.572668479724203, "9": 4.420771965247976, "10": 5.443359496469152, "11": 6.5170188853100655, "12": 6.000721562806331, "13": 7.031158610179825, "14": 8.158932756554995, "15": 6.464993956215958, "16": 5.73841598585135, "17": 4.682300653818995, "18": 3.3434791545945814, "19": 3.539141303389596, "20": 2.9922355274083854, "21": 2.74918099886826, "22": 2.577014526212561, "23": 2.485560029506994, "24": 0.9902938657824442, "25": 1.1807898263493424, "26": 1.236944683393256, "27": 1.8879870885241101, "28": 2.3407720080411005, "29": 2.9369915661726695, "30": 4.384040007123849, "31": 4.919684060685395, "32": 4.576300400408377, "33": 4.401085112185008, "34": 5.169280819651138, "35": 5.0628681282811385, "36": 5.279348689412614, "37": 7.030748879699016, "38": 8.054677610351611, "39": 5.959703102401292, "40": 5.0798305393647585, "41": 4.977051212797591, "42": 4.195037916759107, "43": 4.477350592283964, "44": 3.7392892904231863, "45": 3.8640295886849723, "46": 3.562962543310043, "47": 3.03795087493687, "48": 2.156471958234817, "49": 2.2133488456971113, "50": 3.120370521264527, "51": 3.499286714147048, "52": 3.094730732820616, "53": 4.012338279775015, "54": 4.86397736886133, "55": 5.44807777585321, "56": 4.4277450263993074, "57": 4.546309554249835, "58": 5.045371261792385, "59": 5.115460790999856, "60": 5.687525151996161, "61": 7.224310062936932, "62": 8.756287379739211, "63": 7.8321755272809845, "64": 6.434604551941317, "65": 5.150368029646557, "66": 4.662914519550366, "67": 4.094388183512623, "68": 3.8136788854667567, "69": 4.7440862306935445, "70": 4.102954601253819, "71": 3.440819335534329}}}