{"Points": {"Calc_power": {"0": 407376.3932473955, "1": 1017727.0483976749, "2": 1487095.5077741041, "3": 1667507.2396496965, "4": 1105645.1040528016, "5": 1683560.5775684328, "6": 1903128.6842888438, "7": 911967.020636701, "8": 238933.4851713431, "9": 89795.08551497273, "10": 215441.8173650388, "11": 109147.4295534904, "12": 24660.272295991792, "13": 213027.55155725198, "14": 446794.7653566063, "15": 143010.62083441962, "16": 348926.1914629933, "17": 914702.5996587091, "18": 590707.6508468966, "19": 315842.0246513669, "20": 1041282.2667097526, "21": 781067.4854076444, "22": 482155.43988294114, "23": 745402.2097278654, "24": 781833.0451041069, "25": 571428.0356707964, "26": 359176.75037664425, "27": 272335.88827633474, "28": 127019.49023659776, "29": 536344.2564662988, "30": 428463.45791567623, "31": 255207.35376807867, "32": 86102.66162008922, "33": 80996.82677232189, "34": 280425.0104525758, "35": 263760.8609795975, "36": 433907.21701181645, "37": 400601.17632039404, "38": 540081.9534334835, "39": 669157.2995403997, "40": 658866.2039295505, "41": 475643.39811351424, "42": 395323.5735613589, "43": 562659.5003327995, "44": 583604.135556074, "45": 252881.63646185742, "46": 184242.43013147672, "47": 516462.77351393737, "48": 1181931.3371845714, "49": 289996.0593364171, "50": 83522.53428235486, "51": 73848.624752923, "52": 31108.988372833606, "53": 3174.2435821987806, "54": 18978.984986052772, "55": 46089.31805110473, "56": 42844.040856907384, "57": 159319.22661617293, "58": 176436.43791246918, "59": 630187.0255881769, "60": 378662.5765851237, "61": 1485102.5570687114, "62": 2029581.5725267292, "63": 3893238.02832056, "64": 3468533.3084274353, "65": 2713919.202772875, "66": 2954218.7815472446, "67": 560854.8409972648, "68": 471170.77382784133, "69": 88400.41573858904, "70": 3425.6469968769416, "71": 877.7178206778908}, "Wind_speed": {"0": 5.056369689214686, "1": 6.860945539247052, "2": 7.785499603019554, "3": 8.088402890244545, "4": 7.053079547788343, "5": 8.11427612073058, "6": 8.452715490913999, "7": 6.6145440154810755, "8": 4.232521819206884, "9": 3.054389296253399, "10": 4.088997712821559, "11": 3.2597030372493063, "12": 1.9853610112304603, "13": 4.073666374788626, "14": 5.214462618374797, "15": 3.5669440484481996, "16": 4.8019546736468985, "17": 6.6211511789172945, "18": 5.72309644891678, "19": 4.645118931843065, "20": 6.91347436924401, "21": 6.281591921478539, "22": 5.348547905282324, "23": 6.184488101163092, "24": 6.283643542453732, "25": 5.660142707114515, "26": 4.848524620677317, "27": 4.421216936904594, "28": 3.4287065846875913, "29": 5.541849716193594, "30": 5.142150647086922, "31": 4.326512151139478, "32": 3.0119359016104204, "33": 2.9511834127174517, "34": 4.464564632907613, "35": 4.374317648910482, "36": 5.163836594070449, "37": 5.02818142939285, "38": 5.554693347320181, "39": 5.965995749457004, "40": 5.935253554157085, "41": 5.324359329377663, "42": 5.006002980474487, "43": 5.631041807043174, "44": 5.700062967149913, "45": 4.313329451342946, "46": 3.881236295839262, "47": 5.472509708660087, "48": 7.211699390685737, "49": 4.514790111289515, "50": 2.9815453592808066, "51": 2.861679574364722, "52": 2.1452051415407185, "53": 1.0024289866091092, "54": 1.8194125820980194, "55": 2.4455335603475064, "56": 2.3867321025202957, "57": 3.6976823149683957, "58": 3.8256299612474214, "59": 5.847856211212041, "60": 4.934664847009456, "61": 7.782020101448381, "62": 8.635928473947512, "63": 10.730266752883775, "64": 10.324970578591358, "65": 9.514204989022753, "66": 9.787108838129003, "67": 5.625015073808888, "68": 5.3076178697017475, "69": 3.038493433619035, "70": 1.028223997847284, "71": 0.6530681518113468}}}