{"Points": {"Calc_power": {"0": 1160.6638129007467, "1": 4790.404928501315, "2": 12189.447332468319, "3": 354.8755818412007, "4": 32088.567898395533, "5": 1747.7768234033122, "6": 28374.564087728882, "7": 111838.09520559842, "8": 447085.8717304756, "9": 918180.1922788025, "10": 1697431.6867133873, "11": 1038709.0038336902, "12": 560895.1271324148, "13": 998848.5802554064, "14": 804000.429059396, "15": 176194.02525626705, "16": 557215.692300647, "17": 243724.91148877612, "18": 101010.01799710144, "19": 26663.927877619968, "20": 11888.650935245843, "21": 112070.39871004174, "22": 23006.01182318695, "23": 72252.66986672005, "24": 3594.671240021573, "25": 6129.889137369399, "26": 1039.0451372075768, "27": 16600.608388304227, "28": 43468.65071162344, "29": 52120.516514449744, "30": 37825.81444800438, "31": 100255.97634630666, "32": 149723.82347693376, "33": 388569.64673630375, "34": 1181676.5220259207, "35": 1276025.1191662638, "36": 745293.6923131618, "37": 1619885.0236893804, "38": 708052.1732773505, "39": 257875.23359589148, "40": 529657.7196828517, "41": 218618.1004103177, "42": 240819.36037022452, "43": 101994.49972480228, "44": 44257.3527948567, "45": 118221.6179059067, "46": 11865.546918716589, "47": 6527.010795422721, "48": 47444.48032069461, "49": 16700.12427637897, "50": 5848.776194391463, "51": 51808.27037479297, "52": 4266.692476260219, "53": 39890.46285855836, "54": 71923.0603646558, "55": 71359.84781978924, "56": 100667.83358328628, "57": 283220.45347548387, "58": 451344.64249067334, "59": 209674.99817504012, "60": 386796.7963714017, "61": 427251.14834074344, "62": 615291.9937670107, "63": 259160.48091366419, "64": 365652.3364389088, "65": 269685.5527183592, "66": 51986.985726775376, "67": 72869.74767584489, "68": 2446.762455889596, "69": 128189.90806728396, "70": 116539.66198587746, "71": 64687.97461028032}, "Wind_speed": {"0": 0.7168181849554336, "1": 1.1498228672524655, "2": 1.569765830320281, "3": 0.4829093032738645, "4": 2.167489378902708, "5": 0.8216159438016444, "6": 2.0804147892147373, "7": 3.286271599240522, "8": 5.215594856162894, "9": 6.629531515747675, "10": 8.136500110750127, "11": 6.907774710181426, "12": 5.625149751967623, "13": 6.818257808754459, "14": 6.342477859207922, "15": 3.823877099277637, "16": 5.612822554252008, "17": 4.260626917260691, "18": 3.1765937895314633, "19": 2.0377375182758457, "20": 1.5567458797327145, "21": 3.288545375586588, "22": 1.939935598371925, "23": 2.840914518343415, "24": 1.0448643829695565, "25": 1.2483156244601414, "26": 0.6908519764279437, "27": 1.7399958048327768, "28": 2.398274664430068, "29": 2.5478651389596987, "30": 2.289652786588647, "31": 3.1686695948335095, "32": 3.6219059546359134, "33": 4.977330628155621, "34": 7.211181091428864, "35": 7.3982091971459125, "36": 6.184187969135108, "37": 8.010659334161137, "38": 6.079417272389143, "39": 4.3415360457710905, "40": 5.518723495209346, "41": 4.108994611949534, "42": 4.243628256298865, "43": 3.186880535730671, "44": 2.4126927035982613, "45": 3.347643217080034, "46": 1.5557367827094055, "47": 1.2747107352415827, "48": 2.4692710477154716, "49": 1.7434658054932395, "50": 1.2289339275006659, "51": 2.5427669862458235, "52": 1.1062942292671203, "53": 2.33057575861318, "54": 2.8365879425872844, "55": 2.8291643138233007, "56": 3.173002691507122, "57": 4.479350752719845, "58": 5.232103143404709, "59": 4.052183299124286, "60": 4.969749390529588, "61": 5.137296271868522, "62": 5.801415278147584, "63": 4.348736818706579, "64": 4.8774892093714115, "65": 4.406827932331744, "66": 2.545687433530353, "67": 2.8489792636309863, "68": 0.919117007180569, "69": 3.4392056455650164, "70": 3.331691527078529, "71": 2.7380920912941358}}}