{"Points": {"Calc_power": {"0": 4893.018711607793, "1": 6038.205539750278, "2": 39973.77152514268, "3": 2396.65112031508, "4": 90224.50266846595, "5": 3331.438986598031, "6": 9915.808330248632, "7": 10638.106465218438, "8": 7254.3071404151015, "9": 15557.437565417196, "10": 123429.4456610056, "11": 81798.43937847139, "12": 180928.66761424136, "13": 128227.68075427023, "14": 100661.07460630508, "15": 31054.68284790157, "16": 72113.02112844016, "17": 37308.843041167005, "18": 185569.507274473, "19": 91571.94662800137, "20": 51107.89999182341, "21": 8864.03902088351, "22": 482.8254909419066, "23": 17823.509890943613, "24": 24936.82009881605, "25": 23803.057436836716, "26": 90460.49946876979, "27": 46590.66988411912, "28": 67254.83658469304, "29": 36332.70286714624, "30": 54240.49680056287, "31": 2243.683394373239, "32": 33596.216203257645, "33": 36627.39554077134, "34": 4805.38450191866, "35": 112838.18836868319, "36": 169622.43379425292, "37": 142543.10737548195, "38": 339884.22295383335, "39": 462515.9188276154, "40": 313803.81727855775, "41": 185769.78780600984, "42": 253013.9766567691, "43": 332152.2418707191, "44": 154972.75915518557, "45": 29888.50090577293, "46": 35428.46411236072, "47": 14955.021754358164, "48": 22108.78291167786, "49": 6243.982385235266, "50": 2262.3851641264328, "51": 9891.968672907806, "52": 87524.38621495935, "53": 140086.58167635667, "54": 17246.41402319932, "55": 201136.18143750192, "56": 24124.917409381673, "57": 18759.676470480557, "58": 151269.8380059889, "59": 131317.32478539788, "60": 456481.4665786015, "61": 515539.8383629272, "62": 536156.1292284998, "63": 495762.4054230257, "64": 1182960.0828203694, "65": 389582.31180428434, "66": 126088.02327852012, "67": 356814.2446707899, "68": 139622.10309810753, "69": 184161.98829267733, "70": 123522.74757056544, "71": 188356.38205497208}, "Wind_speed": {"0": 1.1579749338330145, "1": 1.2420607283452219, "2": 2.332197049684962, "3": 0.912798965410486, "4": 3.059250445398305, "5": 1.0187105901046045, "6": 1.4653776862545767, "7": 1.5001279764546218, "8": 1.3203999911283608, "9": 1.7027578400012873, "10": 3.3960947036627016, "11": 2.960887266611736, "12": 3.8578262274961355, "13": 3.4395434133938223, "14": 3.1729316766609537, "15": 2.143956152628635, "16": 2.839083047380255, "17": 2.27917388570879, "18": 3.890532711413205, "19": 3.0744045567589904, "20": 2.5312568262362, "21": 1.4116187535828595, "22": 0.5351024382808904, "23": 1.781713798807108, "24": 1.9927549215191842, "25": 1.9620848352901636, "26": 3.0619154448491512, "27": 2.4543689679644167, "28": 2.7738397892309634, "29": 2.2591207021272224, "30": 2.581951534295885, "31": 0.892950512563458, "32": 2.200916951990588, "33": 2.2652121329852215, "34": 1.1510201170650363, "35": 3.296038186611547, "36": 3.775733180307772, "37": 3.5630529275993563, "38": 4.760112331297306, "39": 5.2749185887318255, "40": 4.6351053236808415, "41": 3.8919318597536163, "42": 4.3140817496916375, "43": 4.723739385197461, "44": 3.6637456975314193, "45": 2.116776038123933, "46": 2.2402215711889495, "47": 1.680489807362151, "48": 1.9143814531218941, "49": 1.2560128696596795, "50": 0.8954246538882256, "51": 1.4642023866899079, "52": 3.028423151628522, "53": 3.542466176709158, "54": 1.7622727896660058, "55": 3.9964121126279633, "56": 1.9708889052831713, "57": 1.812377440787844, "58": 3.6343296197090504, "59": 3.4669497087903727, "60": 5.251877442460572, "61": 5.469247916166317, "62": 5.541201690360902, "63": 5.398395883828431, "64": 7.213791123258461, "65": 4.981650743054046, "66": 3.420304814591427, "67": 4.837870744533974, "68": 3.538546644669677, "69": 3.880671353164426, "70": 3.3969502053966654, "71": 3.9099119707635692}}}