{"Points": {"Calc_power": {"0": 86940.89882114864, "1": 22866.84027295531, "2": 31435.402687710903, "3": 87885.82243932628, "4": 27338.85672839754, "5": 34760.14267034145, "6": 119341.58452321342, "7": 245160.7320214334, "8": 601881.1178856092, "9": 345906.5718996101, "10": 320511.8615060988, "11": 1377799.0769104462, "12": 2447289.4413333326, "13": 1325249.5141686217, "14": 1814338.3238040525, "15": 1056201.8442152909, "16": 1088585.2080768612, "17": 382138.92606011854, "18": 220549.88376125536, "19": 304529.2037338469, "20": 51234.29013755677, "21": 627982.2250034563, "22": 204602.371762512, "23": 162525.36769447266, "24": 13374.001633346277, "25": 12837.75193519831, "26": 13029.00909336878, "27": 8871.274755694614, "28": 10989.639435029898, "29": 54147.27456945844, "30": 96.98267692409607, "31": 56866.029128416616, "32": 172685.5411171096, "33": 1365262.634410012, "34": 614059.1665920342, "35": 782839.9112907943, "36": 366229.8786672056, "37": 1283575.627433421, "38": 1162654.161946435, "39": 343420.04544286703, "40": 828795.0840274395, "41": 496540.27075899066, "42": 425658.1367899677, "43": 475204.86901226384, "44": 149812.00334488176, "45": 235032.84283985943, "46": 612561.2893648356, "47": 183540.81843090666, "48": 18366.608352712366, "49": 82664.37919397336, "50": 46468.38221259604, "51": 395.46938973669063, "52": 113025.3668120917, "53": 105559.40677661815, "54": 166405.92426484203, "55": 332002.8095052499, "56": 352909.21043474035, "57": 411526.397839983, "58": 589553.1890606276, "59": 973498.219371504, "60": 230106.4013632129, "61": 1204040.5189817261, "62": 1386276.5895029216, "63": 1982482.6449674412, "64": 463829.6442389398, "65": 97349.97985384021, "66": 6477.15334844915, "67": 22868.92332734359, "68": 22268.261103617537, "69": 29744.258403047806, "70": 10607.168873276189, "71": 30142.01265590873}, "Wind_speed": {"0": 3.148548295338173, "1": 2.017302546653056, "2": 2.24306569495905, "3": 3.159913961745711, "4": 2.141061294020408, "5": 2.319509563508084, "6": 3.4991797357435925, "7": 4.448216880436007, "8": 6.000754926635754, "9": 4.989096702045993, "10": 4.863889347057183, "11": 7.90856364250393, "12": 9.57776321845057, "13": 7.806712790705266, "14": 8.668455860276339, "15": 7.237989652025872, "16": 7.311219011585702, "17": 5.157541647723635, "18": 4.2940911785993485, "19": 4.781659346694503, "20": 2.639708019560852, "21": 6.086273079984786, "22": 4.18799227546894, "23": 3.8786093179348873, "24": 1.6870298799105807, "25": 1.6641736601370545, "26": 1.6723972565405938, "27": 1.4712878913913858, "28": 1.5801444809348224, "29": 2.688816624733643, "30": 0.3265379835193012, "31": 2.733085921794536, "32": 3.957804239009166, "33": 7.8845041386477295, "34": 6.0409567115735845, "35": 6.550281591914561, "36": 5.084952593738044, "37": 7.724009597687144, "38": 7.473416173734885, "39": 4.977113345209903, "40": 6.676026309501071, "41": 5.627996382638243, "42": 5.346332487335385, "43": 5.546205340196918, "44": 3.7747180796275472, "45": 4.386099725912442, "46": 6.036040801507399, "47": 4.039055976652735, "48": 1.8751901185603732, "49": 3.0960534776043467, "50": 2.5551800128892213, "51": 0.5216829086523497, "52": 3.4363254805065364, "53": 3.358932663921698, "54": 3.909236201841243, "55": 4.9213347142474415, "56": 5.022538968961996, "57": 5.286499761778439, "58": 5.959502162395055, "59": 7.043913884937117, "60": 4.355237913913325, "61": 7.561060007507195, "62": 7.924750789407294, "63": 8.928368681886386, "64": 5.501593327938641, "65": 3.269496971202575, "66": 1.324840849453219, "67": 2.0173638001724217, "68": 1.999544554616505, "69": 2.202098287475763, "70": 1.5615964454586013, "71": 2.211870688002861}}}