{"Points": {"Calc_power": {"0": 145670.0214113038, "1": 102557.86252148362, "2": 121810.55486307274, "3": 128210.67801260656, "4": 149679.81645218623, "5": 195684.7874345157, "6": 387585.5400863226, "7": 453386.5455233097, "8": 452158.1607122316, "9": 363694.5914466023, "10": 467196.842785494, "11": 424111.166864715, "12": 659159.3452489733, "13": 1224342.8323117604, "14": 1926984.430721639, "15": 929913.732374341, "16": 580424.8624500083, "17": 571944.7569736803, "18": 387783.3216946166, "19": 477711.94171840337, "20": 321575.69570520596, "21": 373108.91749210353, "22": 266277.28717666504, "23": 212601.90996822205, "24": 92283.945464976, "25": 96097.20784775348, "26": 206535.72176360982, "27": 241081.3599449463, "28": 124217.46557662159, "29": 251173.98597254878, "30": 404825.12917541, "31": 553339.0027587923, "32": 339745.6428795617, "33": 334621.3372642547, "34": 438835.648977651, "35": 370929.634418888, "36": 652958.177178735, "37": 1218594.4581181575, "38": 2359261.5024666185, "39": 1727579.9660883695, "40": 946465.7794002786, "41": 470491.37507043197, "42": 385115.2146321364, "43": 244091.02993794787, "44": 212674.35651586254, "45": 425279.6468815428, "46": 292165.19175593415, "47": 212100.32982837988, "48": 144779.22187717978, "49": 189948.7477108033, "50": 93464.76361504095, "51": 216292.67915439565, "52": 195819.0249185969, "53": 217407.20277156585, "54": 432450.1753195687, "55": 393722.11789289926, "56": 329670.8431867981, "57": 365866.3400117398, "58": 604554.8920768341, "59": 761999.491865035, "60": 787022.7949005419, "61": 1665733.828878865, "62": 1877306.157118217, "63": 1208834.2461365566, "64": 419281.83732756984, "65": 298973.2330794467, "66": 205747.1866012087, "67": 184916.80874809995, "68": 225705.970996577, "69": 522030.7815567656, "70": 221688.7792081985, "71": 303293.8322620231}, "Wind_speed": {"0": 3.5889184851463036, "1": 3.1927373041168026, "2": 3.3811816769555403, "3": 3.4393913810796417, "4": 3.6215510680636465, "5": 3.959976007099961, "6": 4.973125148576747, "7": 5.239981363170371, "8": 5.235244760773163, "9": 4.868768746487829, "10": 5.292653949965501, "11": 5.124680199438461, "12": 5.936133657015899, "13": 7.296947372514218, "14": 8.487887243155328, "15": 6.657651941138354, "16": 5.689693458489591, "17": 5.661848279238607, "18": 4.973970919234236, "19": 5.332066603374966, "20": 4.6730590862109604, "21": 4.910421161257467, "22": 4.388184787860757, "23": 4.070951424029397, "24": 3.082352127412779, "25": 3.124235690742635, "26": 4.0318582829550795, "27": 4.245166651212102, "28": 3.40330669184099, "29": 4.3035985468567315, "30": 5.045792118210923, "31": 5.599775644957924, "32": 4.759465300779736, "33": 4.7354153378638015, "34": 5.183313773608189, "35": 4.900842099237984, "36": 5.9174598693133715, "37": 7.285509562659286, "38": 9.080272738726775, "39": 8.18438880576783, "40": 6.696920936490158, "41": 5.305065558325424, "42": 4.962537007648517, "43": 4.262759258022854, "44": 4.07141377936574, "45": 5.12938226496807, "46": 4.526018840115471, "47": 4.067747444847958, "48": 3.581587885297746, "49": 3.920899204129664, "50": 3.0954431832756315, "51": 4.094373644916937, "52": 3.9608812992580957, "53": 4.101394163819314, "54": 5.158050132255337, "55": 4.999234059780113, "56": 4.711946809327848, "57": 4.878440565296294, "58": 5.7674713558235835, "59": 6.230053271876767, "60": 6.29751634538072, "61": 8.08553450713001, "62": 8.414311154429996, "63": 7.266006543965619, "64": 5.105154417985641, "65": 4.560904397510302, "66": 4.026720645988671, "67": 3.8859659985131443, "68": 4.152929409316999, "69": 5.49210591050911, "70": 4.128143354631503, "71": 4.5827699766080565}}}