{"Points": {"Calc_power": {"0": 200989.2631355233, "1": 333933.9916655802, "2": 95845.54087641978, "3": 250818.2235587655, "4": 292271.2009252533, "5": 357532.88692943665, "6": 239106.07738009113, "7": 414405.95143455954, "8": 412269.3379173339, "9": 739732.1938950858, "10": 1361088.4499943857, "11": 1399117.5060554948, "12": 1114666.326331144, "13": 2115380.5182488, "14": 998385.3108828462, "15": 690000.2818273373, "16": 844046.3489630383, "17": 456787.7252835907, "18": 561495.152435656, "19": 434442.6031033359, "20": 249870.7706040534, "21": 388566.7864415285, "22": 136499.7637589357, "23": 62869.99873632767, "24": 207026.91266086552, "25": 179335.67193594127, "26": 61277.168847701665, "27": 203806.3437513756, "28": 22625.5799664425, "29": 168903.6150260919, "30": 169708.1920462738, "31": 201613.9264484377, "32": 236779.62009020464, "33": 477188.1940141101, "34": 556774.4986194464, "35": 195589.64026238627, "36": 572530.155135897, "37": 610635.5793421104, "38": 845433.1754062591, "39": 604644.2540197502, "40": 537147.4358435587, "41": 448136.3821880865, "42": 103419.21264676875, "43": 202635.00484035924, "44": 25163.581646826457, "45": 235039.91397024275, "46": 300956.1842172304, "47": 164555.62975199745, "48": 89896.31415848543, "49": 88920.40161226814, "50": 48387.015036403835, "51": 90445.03020852091, "52": 35166.7661306641, "53": 83352.75402203087, "54": 64124.04903235963, "55": 268450.18696441205, "56": 317989.41285658476, "57": 356696.5001510117, "58": 587185.5284223285, "59": 306827.44205670926, "60": 455677.07261545653, "61": 492255.8196216173, "62": 461339.77538515197, "63": 658302.5036492556, "64": 698375.431655463, "65": 234700.320854764, "66": 112585.40662496218, "67": 83243.51945174161, "68": 34170.86224126906, "69": 91414.2924610176, "70": 125298.59321439422, "71": 45483.866976644116}, "Wind_speed": {"0": 3.9954388266115854, "1": 4.73217077684171, "2": 3.1215059745473286, "3": 4.3015657168599555, "4": 4.526566180561529, "5": 4.841116473402488, "6": 4.233540686401248, "7": 5.085287693615497, "8": 5.07653297591035, "9": 6.168767087442086, "10": 7.559080711953564, "11": 7.62883572585204, "12": 7.072210197674406, "13": 8.755945165477895, "14": 6.81720353534993, "15": 6.027306670740636, "16": 6.446079116060171, "17": 5.25305169503565, "18": 5.6271548976536305, "19": 5.165959559448238, "20": 4.29614256805507, "21": 4.977318415271914, "22": 3.511970287008955, "23": 2.71219774283124, "24": 4.0350519906885856, "25": 3.8464706926382983, "26": 2.689096764755126, "27": 4.0140190779907385, "28": 1.9291830601101436, "29": 3.7703920810234957, "30": 3.776369388849285, "31": 3.999573745502435, "32": 4.2197653933555115, "33": 5.330117256489306, "34": 5.611340784719856, "35": 3.9593340876689957, "36": 5.663779296398395, "37": 5.786743530355403, "38": 6.449607635288099, "39": 5.767755513673025, "40": 5.544614656401178, "41": 5.21967666053457, "42": 3.2016506510678315, "43": 4.006314356851763, "44": 1.998777038633221, "45": 4.209405260728762, "46": 4.570965642595217, "47": 3.737757440024454, "48": 3.0555366328780273, "49": 3.044439430760555, "50": 2.4855155060333316, "51": 3.061740899910243, "52": 2.2346920162017043, "53": 2.979523745445513, "54": 2.730112303517539, "55": 4.400088752693144, "56": 4.655622444856871, "57": 4.837338539103144, "58": 5.711699021443775, "59": 4.600498917172835, "60": 5.248790743646258, "61": 5.385637927203785, "62": 5.270443552004767, "63": 5.933560413892128, "64": 6.051594933267547, "65": 4.207376989542977, "66": 3.2935750688977743, "67": 2.9782216118036597, "68": 2.213394597219727, "69": 3.0726392012855306, "70": 3.413151753045334, "71": 2.43477776247381}}}