{"Points": {"Calc_power": {"0": 6908.948614159509, "1": -7919.89153405098, "2": 6189.038379693987, "3": 8500.566634947256, "4": 182358.27230937436, "5": 80633.42836502902, "6": 166583.27220048322, "7": 409581.4834932837, "8": 740091.5595983554, "9": 599942.5745166605, "10": 645162.3220385943, "11": 1469653.7177282053, "12": 494720.3905979352, "13": 1322939.0894990386, "14": 844027.372295903, "15": 796741.2873179853, "16": 854258.4079836103, "17": 1216656.4583022343, "18": 528707.4071220377, "19": 1059573.8732819231, "20": 953327.7375609826, "21": 650363.5992520639, "22": 810766.4307269453, "23": 149117.65294861406, "24": 97172.00326690324, "25": 5570.542776795568, "26": 29721.459674828897, "27": 32773.1473132226, "28": 42283.948989784905, "29": 12356.133376815415, "30": 79989.4704553185, "31": 27395.457592137293, "32": 261569.02602572617, "33": 360376.8209347092, "34": 207047.28405576214, "35": 716615.8199908554, "36": 609803.1507901739, "37": 690490.1920938604, "38": 369795.0833125363, "39": 310612.9715104489, "40": 562126.913061492, "41": 609601.218763497, "42": 1222293.8747813532, "43": 594888.9513569296, "44": 850784.9983919848, "45": 1654509.156247384, "46": 604326.4200077057, "47": 133224.84390732547, "48": 137293.38428982723, "49": 212280.2318937948, "50": 7183.264150238169, "51": 943.6015460903874, "52": 56911.71933466617, "53": 65852.87185456768, "54": 27093.287019169507, "55": 238179.5825783704, "56": 859992.6807112367, "57": 2513804.8128513894, "58": 3713784.422703692, "59": 1960846.3372215142, "60": 1560426.75330544, "61": 513508.81916577026, "62": 494301.2817793872, "63": 400493.07945416536, "64": 293597.98842470197, "65": 560971.524895764, "66": 95904.99684281091, "67": 49146.54258224376, "68": 46456.68374916679, "69": 5089.341031488253, "70": 10546.93770621743, "71": 80089.43729404845}, "Wind_speed": {"0": 1.2991047992883331, "1": -1.3596066421391746, "2": 1.2523179098067025, "3": 1.3920542428923515, "4": 3.8679604312024143, "5": 2.946763226197178, "6": 3.753046936947809, "7": 5.065476495946021, "8": 6.169765865312062, "9": 5.752766682013745, "10": 5.893815434829786, "11": 7.754941729151053, "12": 5.394611037033826, "13": 7.48778701405974, "14": 6.446030806701087, "15": 6.323331845577618, "16": 6.471971860336003, "17": 7.2816453272051795, "18": 5.515420952351594, "19": 6.953721292093226, "20": 6.71306639772155, "21": 5.909611642505603, "22": 6.360219722808801, "23": 3.617011471444249, "24": 3.135840164572341, "25": 1.2091291856462112, "26": 2.1128252473383564, "27": 2.182794829432563, "28": 2.3762860203477585, "29": 1.5768887768445332, "30": 2.9388977308760404, "31": 2.056204882108206, "32": 4.362167168459578, "33": 4.853918532694506, "34": 4.035184335706729, "35": 6.103828604477265, "36": 5.784112806317427, "37": 6.028732825153294, "38": 4.895840310977023, "39": 4.6193414187399675, "40": 5.62926455221952, "41": 5.78347427973255, "42": 7.2928745798948515, "43": 5.736568281995919, "44": 6.463188278566554, "45": 8.06733189843914, "46": 5.766744720872089, "47": 3.4836560783534503, "48": 3.518763430611398, "49": 4.068897198462874, "50": 1.3160755230657095, "51": 0.6690158612076527, "52": 2.6236592803429515, "53": 2.7544302087841643, "54": 2.048616968422188, "55": 4.228065528591853, "56": 6.4864207751480984, "57": 9.27436215735263, "58": 10.562800964088574, "59": 8.537316591064696, "60": 7.911424031895667, "61": 5.4620562529149375, "62": 5.393087234996426, "63": 5.027729126218716, "64": 4.533405406525388, "65": 5.625405135032217, "66": 3.122151296835818, "67": 2.498453034088831, "68": 2.4520139388296274, "69": 1.1732594227125483, "70": 1.495830301566258, "71": 2.9401215169975536}}}