{"Points": {"Calc_power": {"0": 33654.496313097305, "1": 233196.1261409351, "2": 141523.58918331895, "3": 35033.21469909812, "4": 298909.29745538166, "5": 308269.74250315834, "6": 164561.5320547706, "7": 1245738.5474718912, "8": 3277903.2947745225, "9": 965175.2525696635, "10": 2821328.7606737637, "11": 1429476.0783935923, "12": 630274.8206175101, "13": 931780.7376729259, "14": 599272.2935598183, "15": 850779.735325509, "16": 1192872.1113539727, "17": 173663.91725149206, "18": 515294.2743291597, "19": 393413.4863929957, "20": 139057.3886058403, "21": 295644.7757817156, "22": 352398.55504498846, "23": 120410.06774292182, "24": 552166.4781368264, "25": 213490.86873181062, "26": 725418.4757888928, "27": 906153.6550896502, "28": 566892.4402359144, "29": 575424.5216677338, "30": 686780.7365747737, "31": 622331.1244431324, "32": 1410654.5070070638, "33": 619707.5698375134, "34": 2341018.138807249, "35": 1031499.3460263256, "36": 2996444.7384174145, "37": 4887933.830558398, "38": 4008202.6017911746, "39": 2413727.9909304003, "40": 1595693.366247402, "41": 701927.9759211966, "42": 986982.4558599318, "43": 230547.2153570859, "44": 361553.6096964302, "45": 233754.9832397847, "46": 37870.76190134162, "47": 370441.8476930005, "48": 256282.12578598972, "49": 422827.8042104347, "50": 185907.7974701342, "51": 265097.5085565933, "52": 260312.47818050237, "53": 201329.20761223388, "54": 1419045.0003306982, "55": 502840.80238141835, "56": 678547.127976625, "57": 449683.10860228713, "58": 361207.06018049497, "59": 996311.493213493, "60": 2057205.3079548853, "61": 2547243.1565434244, "62": 2592590.857444002, "63": 1756341.274929346, "64": 1498152.914187825, "65": 1284094.3346096363, "66": 676323.1349886227, "67": 535668.2055234603, "68": 493233.4354727933, "69": 248426.2880162664, "70": 556589.8188682225, "71": 310210.13708121463}, "Wind_speed": {"0": 2.2021888767967237, "1": 4.198369356892844, "2": 3.5545378604501847, "3": 2.231859560552001, "4": 4.560579256855835, "5": 4.607696156804668, "6": 3.737802128280487, "7": 7.339207513613113, "8": 10.132242573778296, "9": 6.740760946249418, "10": 9.638100081720332, "11": 7.683619151187282, "12": 5.848127764918283, "13": 6.662104526979256, "14": 5.750623473075114, "15": 6.46317495116509, "16": 7.2338832407979705, "17": 3.8054854341640802, "18": 5.468379400111949, "19": 4.997927449214306, "20": 3.5337695388057626, "21": 4.543915739282442, "22": 4.817831121113506, "23": 3.3681735927660728, "24": 5.595817542149858, "25": 4.0766175312935164, "26": 6.128719389838219, "27": 6.600459164397279, "28": 5.6451274941452265, "29": 5.673307473478814, "30": 6.017917569923588, "31": 5.823454772646591, "32": 7.649747257242836, "33": 5.815259954419151, "34": 9.05680726798316, "35": 6.8917553487869245, "36": 9.833518908724638, "37": 11.575736678657902, "38": 10.83486293055476, "39": 9.14961826894985, "40": 7.970581610101409, "41": 6.0618388064654845, "42": 6.791150326555137, "43": 4.182412141540259, "44": 4.859196184923832, "45": 4.2017204941905995, "46": 2.290559339664337, "47": 4.898692891624403, "48": 4.332577156341905, "49": 5.119505873533491, "50": 3.8928954022450535, "51": 4.381694371474287, "52": 4.355170834993669, "53": 3.9976901281816914, "54": 7.66488404073916, "55": 5.423966974928902, "56": 5.993771815322418, "57": 5.225674939549642, "58": 4.857643173742357, "59": 6.812480096055465, "60": 8.674931984269616, "61": 9.315303326548827, "62": 9.370257550605492, "63": 8.229557844674517, "64": 7.80474852148082, "65": 7.413771154908359, "66": 5.98721629101898, "67": 5.539520274519303, "68": 5.38920084656797, "69": 4.287848013907905, "70": 5.610720296758851, "71": 4.6173436112299315}}}