{"Points": {"Calc_power": {"0": 88371.31804129582, "1": 20227.40263073239, "2": 27200.200792883305, "3": 20952.701235721397, "4": 40508.841844124414, "5": 61986.87972734675, "6": 133823.08094333846, "7": 282342.48596404487, "8": 440578.2636469865, "9": 489024.50551526103, "10": 662485.6762781233, "11": 574512.6587012545, "12": 721159.3991453976, "13": 657201.3067145767, "14": 857357.2536170536, "15": 623289.2683671891, "16": 392988.9012299428, "17": 267279.7359911416, "18": 80795.75107773114, "19": 146521.32110169885, "20": 170579.56845728293, "21": 85308.50219621103, "22": 65453.50544434899, "23": 56519.148536694884, "24": 109542.41710173665, "25": 47402.26221883725, "26": 52431.60589471143, "27": 40021.35409856883, "28": 55849.28213456078, "29": 72940.82307650485, "30": 232689.6096542488, "31": 369964.5125085414, "32": 495293.9420410552, "33": 631034.9703693324, "34": 749327.177012325, "35": 586339.1157460253, "36": 970326.8009013876, "37": 942981.483036355, "38": 811733.0182733866, "39": 797735.0450251341, "40": 425037.935707561, "41": 197769.1612488656, "42": 89140.19881648323, "43": 157843.27110954234, "44": 195466.6446664132, "45": 89352.87076969758, "46": 120890.53524371109, "47": 83403.8518240735, "48": 123264.52926624207, "49": 74173.89761063638, "50": 59565.468647847345, "51": 62181.3605321281, "52": 67501.5131241231, "53": 128304.57331990157, "54": 293915.9529713775, "55": 435912.24000778224, "56": 484366.28492958983, "57": 610018.2915010818, "58": 763562.0644203546, "59": 733882.7455453795, "60": 1079032.8045694157, "61": 1351622.2487092875, "62": 1073817.77712995, "63": 1122433.5967858282, "64": 599524.220423588, "65": 413871.2118381783, "66": 124831.90889916198, "67": 262956.838740902, "68": 336127.9742299425, "69": 166677.43302326425, "70": 153888.9804885826, "71": 114691.6831418421}, "Wind_speed": {"0": 3.038160015637436, "1": 1.8584615175231736, "2": 2.05130813812704, "3": 1.8804142765861454, "4": 2.3425568641493424, "5": 2.699438627885869, "6": 3.488862665837433, "7": 4.4747173830371665, "8": 5.190165684958268, "9": 5.373827735970891, "10": 5.946102123866137, "11": 5.670309099317622, "12": 6.116701527755944, "13": 5.930250048609908, "14": 6.479788168028952, "15": 5.826441846312232, "16": 4.996128824470449, "17": 4.39368459598992, "18": 2.9487392717675656, "19": 3.5958961569364125, "20": 3.7828216863372126, "21": 3.002647186854547, "22": 2.7488508108027885, "23": 2.61761278495203, "24": 3.2636304227218873, "25": 2.46853840981533, "26": 2.552924196327796, "27": 2.333122055679299, "28": 2.607230320512472, "29": 2.849905237940646, "30": 4.1953274469867745, "31": 4.89658790667118, "32": 5.396694969742271, "33": 5.850477886250609, "34": 6.195324055239297, "35": 5.708953279824725, "36": 6.752732436042084, "37": 6.688692870106886, "38": 6.362746248937541, "39": 6.325959737086997, "40": 5.1284103053164625, "41": 3.973986525417692, "42": 3.0469458247451526, "43": 3.686228256477631, "44": 3.9585039776330606, "45": 3.0493670491184655, "46": 3.372647610210468, "47": 2.980132467641445, "48": 3.3945815009368143, "49": 2.865874928460461, "50": 2.6638210962609095, "51": 2.7022587994645315, "52": 2.7772269376976397, "53": 3.440230790900566, "54": 4.535041364763289, "55": 5.171778157005185, "56": 5.35671040640924, "57": 5.784792944831797, "58": 6.234308858102888, "59": 6.152464153231494, "60": 6.996031384391839, "61": 7.541515772000631, "62": 6.984742437774923, "63": 7.0885991584985835, "64": 5.751429191159524, "65": 5.083099440639063, "66": 3.408908965125099, "67": 4.369868380744755, "68": 4.742511787793438, "69": 3.753753937555678, "70": 3.655185092604042, "71": 3.3139873149898085}}}