{"Points": {"Calc_power": {"0": 207294.22178271954, "1": 130179.83733271009, "2": 124961.67431938623, "3": 77697.62599397221, "4": 122201.99516058783, "5": 163334.678656362, "6": 326033.9020226826, "7": 514042.15029136895, "8": 737035.7302330169, "9": 878825.209153911, "10": 1008879.9752842061, "11": 760815.4621278859, "12": 1386774.5640454649, "13": 1338089.878395992, "14": 1118175.148839047, "15": 1071693.1408043664, "16": 601421.2101402995, "17": 234307.16962997807, "18": 105619.56879843057, "19": 191161.16794227922, "20": 181508.29496903042, "21": 78929.15794168276, "22": 156928.15717965236, "23": 131665.36656972964, "24": 176540.3805707492, "25": 121803.63535042942, "26": 82310.49928326262, "27": 83908.95802482024, "28": 93664.82494759418, "29": 184717.07970669097, "30": 318998.0001485589, "31": 501538.82475810806, "32": 606709.3916153774, "33": 710194.7765547243, "34": 865447.606133164, "35": 850751.3394453137, "36": 1306958.779996796, "37": 1599397.6416837738, "38": 1261948.7005533522, "39": 1325156.6675523727, "40": 690391.4915773008, "41": 443260.06975103257, "42": 138274.1307918144, "43": 276984.5195250755, "44": 297254.81399764767, "45": 149417.44525498402, "46": 179206.1445512104, "47": 147298.5825738377, "48": 151105.95063892356, "49": 96107.41463955017, "50": 136758.38169112406, "51": 102351.98340747454, "52": 130692.06140494836, "53": 192438.77463255517, "54": 263625.66490092856, "55": 514832.84092819307, "56": 612412.7316429457, "57": 775080.7040053147, "58": 893777.0671551625, "59": 769133.0226551883, "60": 1096635.170175931, "61": 1368389.162878107, "62": 1514169.2707803927, "63": 1513460.0945927335, "64": 705531.1347486418, "65": 427204.0500696971, "66": 153782.18824154197, "67": 272228.8767945435, "68": 339676.0671013876, "69": 199299.04962787984, "70": 142415.3674923429, "71": 152960.9677295031}, "Wind_speed": {"0": 4.036787903986051, "1": 3.4569102779595675, "2": 3.4100897671501906, "3": 2.910557048556183, "4": 3.3847996326112044, "5": 3.7284901531737744, "6": 4.694555238597126, "7": 5.463946565583869, "8": 6.161262520860933, "9": 6.533426881126458, "10": 6.841006982036917, "11": 6.226824751647351, "12": 7.606335699958607, "13": 7.516262887977572, "14": 7.0796232195284166, "15": 6.980132768112618, "16": 5.757488949010013, "17": 4.205026389287844, "18": 3.2241976940004253, "19": 3.9292237285541716, "20": 3.861941510433902, "21": 2.9258542590678536, "22": 3.679090672161689, "23": 3.470009926746041, "24": 3.8263810685406026, "25": 3.381117652475305, "26": 2.9670528239128977, "27": 2.986136406300482, "28": 3.0976502080895107, "29": 3.8845664144266445, "30": 4.6605394281771435, "31": 5.419281603760111, "32": 5.774314562567963, "33": 6.08554330989905, "34": 6.50010631521954, "35": 6.463103044741749, "36": 7.457515474492759, "37": 7.976744534401298, "38": 7.370904198174385, "39": 7.491968482176557, "40": 6.028445557062081, "41": 5.200675260310097, "42": 3.5271222456467615, "43": 4.446231099962029, "44": 4.55214931126034, "45": 3.6194337787628346, "46": 3.8455444160804415, "47": 3.602243410347452, "48": 3.6330166548544063, "49": 3.1243462985150825, "50": 3.5141868610255798, "51": 3.1905994596996115, "52": 3.461438360872074, "53": 3.93795782511907, "54": 4.373570138883499, "55": 5.466746646048, "56": 5.792351874885333, "57": 6.265501544022938, "58": 6.5702707838022585, "59": 6.249433997884844, "60": 7.033868686654609, "61": 7.572571948663847, "62": 7.832462826876027, "63": 7.83123983205331, "64": 6.072193383202628, "65": 5.137107494015397, "66": 3.6543393838833436, "67": 4.420637771030246, "68": 4.759140385051133, "69": 3.9842074410251915, "70": 3.5619882672317917, "71": 3.647822859081054}}}