{"Points": {"Calc_power": {"0": 567326.2163042712, "1": 554556.7707464296, "2": 916080.0087128748, "3": 624668.6570695209, "4": 562079.090738197, "5": 273736.6631092201, "6": 614281.4972055181, "7": 303668.84050166846, "8": 1125217.6382193586, "9": 363510.31584740995, "10": 1901238.4160274246, "11": 3095747.128897385, "12": 1177308.8349967229, "13": 1278227.7156543562, "14": 387716.2243001885, "15": 262877.42363927927, "16": 85600.8369263763, "17": 571.6503154966157, "18": 8910.531920113266, "19": 332.6903910786172, "20": 66.05594015226721, "21": 14048.034609010963, "22": 28655.53464010207, "23": 87887.10109372935, "24": 640806.6778772066, "25": 1484211.7962481072, "26": 2387411.7843085504, "27": 2695408.3774731946, "28": 1875340.225887904, "29": 2371409.0853720363, "30": 2153063.217126276, "31": 1077007.439203174, "32": 371862.44827734045, "33": 178951.00831385574, "34": 425772.62296540895, "35": 184185.89892691813, "36": 21409.71176761268, "37": 209120.0540426779, "38": 345254.9423136901, "39": 105878.49661920208, "40": 188626.24999503535, "41": 478810.6283644641, "42": 306880.3814315517, "43": 96072.19815874391, "44": 487182.9953878471, "45": 372811.79494625266, "46": 238679.78853167375, "47": 406310.04530454846, "48": 619199.8295898095, "49": 536592.9043564524, "50": 427179.6078911285, "51": 264382.7828914615, "52": 115708.09490703791, "53": 450080.45873273996, "54": 248310.18159030995, "55": 131695.89910672666, "56": 49549.15045577133, "57": 46338.6090699777, "58": 296459.9454654448, "59": 212034.37849529966, "60": 274625.97550241835, "61": 334312.56228159246, "62": 537816.9820436627, "63": 787443.8913823493, "64": 793119.9733017966, "65": 535514.9049341202, "66": 429624.3081879859, "67": 565734.2283005635, "68": 522961.3863776022, "69": 133658.6647400951, "70": 96191.58004687178, "71": 324831.4269581643}, "Wind_speed": {"0": 5.646566977621973, "1": 5.6038805614079354, "2": 6.624473008911548, "3": 5.830736805842213, "4": 5.629104913214207, "5": 4.42878423606816, "6": 5.798237641939585, "7": 4.584657990246585, "8": 7.094455083118583, "9": 4.867946310235734, "10": 8.449916031819004, "11": 9.940968384376635, "12": 7.202285519028521, "13": 7.4024635289157965, "14": 4.973684023846491, "15": 4.369428424534059, "16": 3.006073095105081, "17": 0.5660876525056988, "18": 1.4140824850507832, "19": 0.47262891245855876, "20": 0.2757258551644517, "21": 1.645806307804849, "22": 2.0872591403786247, "23": 3.0326008072453714, "24": 5.88052195775857, "25": 7.780463911505724, "26": 9.116244769636724, "27": 9.492524446562687, "28": 8.411372948768918, "29": 9.095830515610807, "30": 8.807631313793916, "31": 6.991651414246165, "32": 4.904946872894747, "33": 3.84371857891385, "34": 5.131363460454869, "35": 3.8808392946213353, "36": 1.8939876371081095, "37": 4.0486051866698975, "38": 4.785053902819332, "39": 3.226830265524242, "40": 3.9117783907758215, "41": 5.336151202243423, "42": 4.600763488826189, "43": 3.123964635547011, "44": 5.367073878163516, "45": 4.9091173558298085, "46": 4.231023275477096, "47": 5.051953985109602, "48": 5.813671329703722, "49": 5.542705979894029, "50": 5.137009520152244, "51": 4.377753019080528, "52": 3.3237481915328324, "53": 5.227213661142695, "54": 4.287179909240965, "55": 3.470278131971314, "56": 2.5052569208493023, "57": 2.449934823651807, "58": 4.548088160049369, "59": 4.067325787201875, "60": 4.433575112025173, "61": 4.733958339955256, "62": 5.54691745945573, "63": 6.298639306992239, "64": 6.313737116268641, "65": 5.538991780240179, "66": 5.146790392559858, "67": 5.6412803729027345, "68": 5.4953674973543185, "69": 3.487433264596035, "70": 3.125258074000137, "71": 4.6887766576137}}}