{"Points": {"Calc_power": {"0": 22506.130010471472, "1": 21695.112292653965, "2": 59274.67800864437, "3": 55581.586621029615, "4": 48245.63774725425, "5": 85188.38758363343, "6": 294415.25274231844, "7": 249140.06955051867, "8": 406151.80242476607, "9": 301726.4621891383, "10": 445137.09320442, "11": 623566.6494066459, "12": 1071648.6030543107, "13": 1229472.738661538, "14": 1267693.601107753, "15": 1156837.2190957842, "16": 667459.2367232833, "17": 470824.3240675983, "18": 186856.57797721674, "19": 181061.08477187116, "20": 193758.6906174393, "21": 77390.69700218215, "22": 82492.96203368358, "23": 76326.67533041783, "24": 96509.19704595956, "25": 112844.91322136945, "26": 128470.18499734774, "27": 78757.05023980909, "28": 180901.52568224777, "29": 206845.73330282915, "30": 485680.4321882599, "31": 463770.39339261927, "32": 717364.0999158428, "33": 522126.3382244528, "34": 569735.8200186401, "35": 705902.9080271443, "36": 1174123.0305376383, "37": 1302682.506090635, "38": 1607687.9191118763, "39": 1456655.322229675, "40": 750237.1686193546, "41": 434432.9397959966, "42": 165187.45769097618, "43": 197167.22647110492, "44": 264141.83507124963, "45": 86723.25245643318, "46": 114530.82040205039, "47": 102213.85202022875, "48": 137482.31136511636, "49": 131767.2868888813, "50": 153995.642347247, "51": 103880.52251714795, "52": 137977.45194530743, "53": 162738.93335066928, "54": 424916.8264681909, "55": 398935.33762748254, "56": 724232.4492306183, "57": 525012.7789201206, "58": 636250.7594646793, "59": 695293.1584947684, "60": 1359287.9279487915, "61": 1455963.734861922, "62": 1481695.125966058, "63": 1490816.484596641, "64": 751121.1717756825, "65": 407450.0718334377, "66": 190745.23639086063, "67": 235610.6483854402, "68": 308766.1420306948, "69": 119006.94831430836, "70": 177327.88095337249, "71": 100873.63650764423}, "Wind_speed": {"0": 1.925782078316802, "1": 1.9023664016158535, "2": 2.6594792171611097, "3": 2.603058008087083, "4": 2.4830924163075245, "5": 3.0012372796833358, "6": 4.537607930805132, "7": 4.291950720039433, "8": 5.051298049605439, "9": 4.574862017707001, "10": 5.208005827154214, "11": 5.827306027623577, "12": 6.980036072611706, "13": 7.30712439619408, "14": 7.382072379644838, "15": 7.1602955808961575, "16": 5.960945010330324, "17": 5.306316661507507, "18": 3.899506632495187, "19": 3.8587671467670837, "20": 3.9469406560117393, "21": 2.906719465659249, "22": 2.969243622094755, "23": 2.893336738170312, "24": 3.128694080061789, "25": 3.29610366364923, "26": 3.441710336582489, "27": 2.923726070022169, "28": 3.8576333078317586, "29": 4.0338745568175725, "30": 5.3615505103658805, "31": 5.27968330947598, "32": 6.105952375437154, "33": 5.492440996318576, "34": 5.654549904551196, "35": 6.073259758461019, "36": 7.195783175064196, "37": 7.449373105180471, "38": 7.990502942247647, "39": 7.732011055337065, "40": 6.197830931827871, "41": 5.165921257016034, "42": 3.7425351626208028, "43": 3.96995065575902, "44": 4.376422712273979, "45": 3.0191548304789717, "46": 3.3124372272716065, "47": 3.1891634987941373, "48": 3.520376727529502, "49": 3.4709050578703518, "50": 3.6560293783033506, "51": 3.206403998831058, "52": 3.5245978596252265, "53": 3.723951544523258, "54": 5.12792316693832, "55": 5.021202105258548, "56": 6.125377507780069, "57": 5.502543583411827, "58": 5.866552626479866, "59": 6.042678918374597, "60": 7.555746052999916, "61": 7.730787199658001, "62": 7.776063834177107, "63": 7.791987761657824, "64": 6.200264274160943, "65": 5.05667450454675, "66": 3.926371903089765, "67": 4.21280966191824, "68": 4.610168052108413, "69": 3.35503951247786, "70": 3.832062124129315, "71": 3.1751634900887393}}}