{"Points": {"Calc_power": {"0": 18515.371646101004, "1": 911.863524087389, "2": 38304.851614254454, "3": 559733.6515901424, "4": 3460192.1215330283, "5": 7514160.647509207, "6": 6103266.121632801, "7": 4023166.7638096847, "8": 3287609.4180443147, "9": 1449761.351716305, "10": 1908697.8789462494, "11": 88027.35489857568, "12": 18596.589092264487, "13": 301600.65495542, "14": 10770489.518922767, "15": 14330967.580239542, "16": 2408888.283600147, "17": 914468.5713388113, "18": 404068.0929366474, "19": 1519119.6578167279, "20": 901758.290787102, "21": -20797.914258490782, "22": 279162.6712491003, "23": -63198.45775675091, "24": -588.3124853381214, "25": 9516.356179020062, "26": -206008.63465926299, "27": -114347.19769809944, "28": 480823.75789062167, "29": 588970.9361336393, "30": 775303.1223158787, "31": 107224.99455047959, "32": 423979.8813818682, "33": 62.82985404600724, "34": 1107.4484515495787, "35": 1374919.453869189, "36": -29006.207608396533, "37": -622.7227150463976, "38": 7013751.373249667, "39": 4240280.189522987, "40": 2014924.796441725, "41": 2827633.8060500175, "42": 5332841.978297866, "43": 12228809.872119568, "44": 4379679.517948629, "45": 6350273.764057806, "46": 7330061.419657921, "47": 2721141.369764811, "48": 12033.601388808947, "49": -1180442.8244286869, "50": -567406.5926012744, "51": -1100532.1218750835, "52": -909232.3792609699, "53": -33412.504895259655, "54": 758890.7709869347, "55": 5765862.8499338385, "56": 16572671.340953877, "57": 9302566.309575483, "58": 4203799.066418122, "59": 107164.71516402943, "60": 18663.456457875844, "61": 51386.077589236775, "62": 13156.071629339413, "63": 19785.842721367262, "64": 1442581.1815047255, "65": 2702357.5288003376, "66": 13949914.252981849, "67": 16395125.685183775, "68": 8460640.517047293, "69": 1781936.3172814138, "70": 11054192.840502203, "71": 1535978.5416091902}, "Wind_speed": {"0": 1.804475587445643, "1": 0.6614293784071341, "2": 2.299277879187212, "3": 5.621264302635263, "4": 10.316687381220822, "5": 13.35981235287574, "6": 12.465057953053575, "7": 10.84832975575901, "8": 10.14223350162899, "9": 7.719793896174359, "10": 8.460952624137613, "11": 3.0342131323833463, "12": 1.8071101755287922, "13": 4.574226087685124, "14": 15.063249877521866, "15": 16.56782012550602, "16": 9.143498951489264, "17": 6.620586452904648, "18": 5.042644890129772, "19": 7.840989294048889, "20": 6.589769860001644, "21": -1.8757723399084938, "22": 4.457855444455502, "23": -2.7169127576017407, "24": -0.5715350749228494, "25": 1.4454301049429255, "26": -4.028425542006354, "27": -3.310666047476241, "28": 5.343619251038716, "29": 5.717482198209455, "30": 6.266100805916028, "31": 3.240451635852751, "32": 5.124151355744272, "33": 0.2711620342250569, "34": 0.7056912074888082, "35": 7.584598898142877, "36": -2.0957389421320998, "37": -0.5824675951074392, "38": 13.056406266516303, "39": 11.04006722631728, "40": 8.61508989487648, "41": 9.645274413564, "42": 11.916803311337233, "43": 15.71453726847022, "44": 11.15974601040717, "45": 12.63099846772027, "46": 13.249802482840801, "47": 9.522637113667344, "48": 1.5630471304840479, "49": -7.208670671011097, "50": -5.646833625334181, "51": -7.042190579788246, "52": -6.607925897503171, "53": -2.196897922283372, "54": 6.221569497924407, "55": 12.230990689914705, "56": 17.390191812005952, "57": 14.345239095252637, "58": 11.008315029643931, "59": 3.2398442866289274, "60": 1.809273514100116, "61": 2.5358410181206703, "62": 1.6102090978218122, "63": 1.8448386294837107, "64": 7.707028302173975, "65": 9.500675144787111, "66": 16.419655678689764, "67": 17.327867421531895, "68": 13.89871385819227, "69": 8.269341474171647, "70": 15.194364662133234, "71": 7.869888556474831}}}