{"Points": {"Calc_power": {"0": 22910.585051921276, "1": -2.4097862774596837, "2": 433.92707725175137, "3": 567.4842554089474, "4": 3410.885627428828, "5": 3146.1462859821095, "6": 53358.32239712025, "7": 22236.201247105346, "8": 166954.88172938526, "9": 438264.8190332214, "10": 331715.4214134052, "11": 1335186.9964920583, "12": 1459274.1103472807, "13": 1442771.6880362614, "14": 1038177.961605691, "15": 714979.5697943566, "16": 767391.2279070688, "17": 591753.9774109663, "18": 1379204.074288712, "19": 568185.4310698551, "20": 703188.4274977399, "21": 1514035.642790402, "22": 480756.2444358661, "23": 133750.9706645433, "24": 91155.37972464442, "25": 158307.04543803993, "26": 2523.275495111422, "27": 271.17166853476874, "28": 46581.209611460916, "29": 54256.75150593484, "30": 25389.689777305994, "31": 261600.41558889355, "32": 838784.5352043193, "33": 1965584.7862506614, "34": 3282154.956376311, "35": 1508804.5408284222, "36": 1227635.799941522, "37": 234023.81107458656, "38": 262526.8407797731, "39": 211627.09340488698, "40": 97467.53029102746, "41": 362896.57042743, "42": 94433.577371551, "43": 35438.58765484413, "44": 79649.03894557424, "45": 29370.479065893036, "46": 34622.47866684924, "47": 170295.34579508624, "48": 121363.06702364975, "49": 108781.59397302743, "50": 299198.91799574904, "51": 327120.19401072076, "52": 553216.2558747594, "53": 361833.8301657349, "54": 692016.070874012, "55": 472084.21213798044, "56": 423798.60605773836, "57": 1536301.5750497559, "58": 1845821.343219502, "59": 1512756.138658579, "60": 2094448.3132698645, "61": 877497.8373534008, "62": 378355.2642413246, "63": 47806.78726418514, "64": 105100.69128493879, "65": 3905.05665716336, "66": 2196.7648565839327, "67": 4637.943271089245, "68": -56.343000141914224, "69": 2282.7623468805823, "70": 2241.73771175937, "71": 131126.12739295614}, "Wind_speed": {"0": 1.937249657853137, "1": -0.09144634992250733, "2": 0.5163915377018423, "3": 0.5647091247148062, "4": 1.026744973330153, "5": 0.9994624993821293, "6": 2.567877223714038, "7": 1.9180520937216012, "8": 3.7558355967501376, "9": 5.181065342969044, "10": 4.721667713484437, "11": 7.510823636848229, "12": 7.736641841165794, "13": 7.707367549310109, "14": 6.9065973045807505, "15": 6.09917943656848, "16": 6.244712899226478, "17": 5.726473582337416, "18": 7.592469281369784, "19": 5.649416112380358, "20": 6.065465050021413, "21": 7.832232410749491, "22": 5.343369136468155, "23": 3.488235897869944, "24": 3.069735579176248, "25": 3.689835012284938, "26": 0.9285994519361995, "27": 0.4414907791365076, "28": 2.4542028361943915, "29": 2.5822094269054094, "30": 2.004745887098947, "31": 4.36234165528248, "32": 6.432656158470644, "33": 8.544187960258046, "34": 10.136621415050705, "35": 7.823201693526442, "36": 7.303483423447756, "37": 4.203330594188049, "38": 4.367485151035857, "39": 4.064719884389353, "40": 3.1390159339589077, "41": 4.865205110832181, "42": 3.1061017648480806, "43": 2.2404349289980505, "44": 2.9347225308878753, "45": 2.1044755113593707, "46": 2.223103001874453, "47": 3.7807195171157693, "48": 3.3770361843646524, "49": 3.2560570507018434, "50": 4.562051733704429, "51": 4.699763290508593, "52": 5.599361549295209, "53": 4.860451226657653, "54": 6.033170420204734, "55": 5.311045538359327, "56": 5.123420963687685, "57": 7.870440226286384, "58": 8.367006135763132, "59": 7.830025461811509, "60": 8.726968641659345, "61": 6.530135875373215, "62": 4.933329538703717, "63": 2.475540596031646, "64": 3.2189091829345933, "65": 1.0741113673436469, "66": 0.886682336573366, "67": 1.1374928542224425, "68": -0.26148905917085896, "69": 0.8981049701665249, "70": 0.8926923209446387, "71": 3.4652662708070956}}}