{"Points": {"Calc_power": {"0": 207237.80590411212, "1": 98598.9396893745, "2": 123303.92030170537, "3": 333119.60934211354, "4": 169771.79077859834, "5": 165038.23009846467, "6": 218258.64108348516, "7": 518723.74144872034, "8": 574974.0946527247, "9": 477842.5693304202, "10": 458198.8845525435, "11": 493314.1166266898, "12": 758441.004455675, "13": 705613.5064646946, "14": 1118767.9061116297, "15": 891080.6393796637, "16": 188241.57776024716, "17": 121333.50764960285, "18": 92479.48362376844, "19": 223254.32622078597, "20": 197819.78731672344, "21": 148679.83779515116, "22": 181939.343671716, "23": 91722.79593728147, "24": 238405.89121859454, "25": 131093.87236896856, "26": 203948.29245677337, "27": 142095.46437040175, "28": 181831.0095770934, "29": 250041.3836672349, "30": 213185.15520343726, "31": 513436.5874271701, "32": 556625.2182967735, "33": 612829.9706260833, "34": 682744.3715901556, "35": 476434.48017397634, "36": 673591.954461447, "37": 811440.510639216, "38": 795772.017705525, "39": 777846.4338482452, "40": 502504.35934387083, "41": 220952.2591244333, "42": 204150.19097445963, "43": 177588.07117911204, "44": 151105.71443588415, "45": 145155.4585932221, "46": 117237.48653022801, "47": 86742.14887612226, "48": 172931.75121080587, "49": 93249.8277720639, "50": 125976.44615881653, "51": 97295.88557205029, "52": 92086.17307906662, "53": 274664.60658056824, "54": 220182.74873215766, "55": 556062.5023859299, "56": 604988.648792918, "57": 491652.9696037059, "58": 779328.899972027, "59": 753087.090254388, "60": 997562.2163271182, "61": 1199515.6868293167, "62": 1332558.720734278, "63": 1522216.1570492901, "64": 901455.646964784, "65": 475691.9727995418, "66": 213386.58517679016, "67": 378400.2029782602, "68": 255049.5138057777, "69": 157394.8041550787, "70": 155139.81545668026, "71": 117823.68413040055}, "Wind_speed": {"0": 4.036421661908301, "1": 3.15111520434943, "2": 3.3949430589615184, "3": 4.728320781135704, "4": 3.7768410657661313, "5": 3.7414078418157537, "6": 4.106741326890765, "7": 5.480483924591159, "8": 5.6718267823174084, "9": 5.332552566839768, "10": 5.2584555706054505, "11": 5.389494678525128, "12": 6.220340156878953, "13": 6.072429686275288, "14": 7.080873994607845, "15": 6.563656865106691, "16": 3.9091174380636122, "17": 3.37676199007133, "18": 3.084527631370558, "19": 4.137838099782425, "20": 3.9743255909990847, "21": 3.613468106515891, "22": 3.8649962263647057, "23": 3.07609181794838, "24": 4.229404217180442, "25": 3.464982113319649, "26": 4.014950767308234, "27": 3.5593192073441156, "28": 3.8642289486705987, "29": 4.297120155093107, "30": 4.0746707306496175, "31": 5.461800137664344, "32": 5.610839242569559, "33": 5.793667026270464, "34": 6.00610484552831, "35": 5.327309489244578, "36": 5.979146070958711, "37": 6.361981886185236, "38": 6.3207666044770425, "39": 6.2729451189908385, "40": 5.422757007439096, "41": 4.123566617441797, "42": 4.016275196582651, "43": 3.8339354483577193, "44": 3.6330147618558852, "45": 3.5846876838768345, "46": 3.3383282119198716, "47": 3.0193740991371274, "48": 3.800129932869841, "49": 3.0930685545271737, "50": 3.419295624412268, "51": 3.1371722016680725, "52": 3.080148637851191, "53": 4.433782989613396, "54": 4.118774001146586, "55": 5.608947860384423, "56": 5.768850376655812, "57": 5.383438489375177, "58": 6.276927707616838, "59": 6.205668903789967, "60": 6.815329594241396, "61": 7.247287836396187, "62": 7.505892122188134, "63": 7.846313241390732, "64": 6.589032568456012, "65": 5.324540571795936, "66": 4.075953656830792, "67": 4.9335248479298945, "68": 4.325620017300756, "69": 3.682733820344857, "70": 3.6650616965837326, "71": 3.343882940998407}}}