{"Points": {"Calc_power": {"0": 106920.49813562016, "1": 201982.81425152798, "2": 308034.683817832, "3": 813960.5475384195, "4": 242872.2271164243, "5": 122871.45561945731, "6": 186375.4665692133, "7": 85832.13923261513, "8": 875386.0857568753, "9": 1922883.8215743587, "10": 3181160.7787591545, "11": 2006131.8517181433, "12": 1178645.9190719074, "13": 526962.3268743444, "14": 263311.256567441, "15": 187701.20443664785, "16": 129324.22406965053, "17": 436800.482262712, "18": 389121.3506923299, "19": 241798.5036401775, "20": 343935.23739610385, "21": 240385.35892256975, "22": 56711.50889152168, "23": 67512.56268909067, "24": 156624.24911251565, "25": 249441.9760962009, "26": 525878.2940734216, "27": 272572.12035566266, "28": 146301.38224859932, "29": 155072.21985511502, "30": 372069.50309588434, "31": 446595.8005656032, "32": 1081445.1637169851, "33": 3148607.3740579253, "34": 2346401.895725274, "35": 882095.6710988571, "36": 231223.34060201168, "37": 149843.96768688085, "38": 117149.24779425492, "39": 184315.92339103878, "40": 319946.2319183495, "41": 306973.2188109504, "42": 99733.35834484403, "43": 270552.15634356585, "44": 176536.28386032724, "45": 95065.4615088962, "46": 57866.59764979962, "47": 199309.5919748641, "48": 369052.34210992284, "49": 205847.94755298644, "50": 608022.7787846223, "51": 389917.10031860485, "52": 455743.05420460255, "53": 296048.60782016127, "54": 281246.51360196754, "55": 387489.7204675689, "56": 1234141.3245291894, "57": 1318160.8016859244, "58": 932291.0575163148, "59": 936650.121414095, "60": 389920.6397640445, "61": 631987.3168254081, "62": 296418.72311516025, "63": 281567.8719806914, "64": 412258.818660494, "65": 657849.2636451181, "66": 226561.03331081476, "67": 410222.9983003415, "68": 619361.8787795933, "69": 294382.3248514959, "70": 642331.9605078612, "71": 256902.4056850985}, "Wind_speed": {"0": 3.2373813274839054, "1": 4.002011564955513, "2": 4.606524721257149, "3": 6.3685610748920745, "4": 4.2556524360824355, "5": 3.3909693740270934, "6": 3.8961569875027653, "7": 3.0087782334154163, "8": 6.524893278653811, "9": 8.481862246210476, "10": 10.031566106319724, "11": 8.60253980386334, "12": 7.205011062127387, "13": 5.509346098265139, "14": 4.371830761043603, "15": 3.9053733001101567, "16": 3.4493200546804417, "17": 5.175288554128171, "18": 4.979685173360687, "19": 4.249371843963788, "20": 4.778949310233112, "21": 4.241077453213238, "22": 2.6205790643658498, "23": 2.7773784675117135, "24": 3.6767141539100736, "25": 4.293683674208626, "26": 5.505565681368382, "27": 4.422494931555011, "28": 3.5940960245463693, "29": 3.6645293208056406, "30": 4.905857070067601, "31": 5.213688475831904, "32": 7.0012411051574235, "33": 9.997230429071047, "34": 9.063744750628315, "35": 6.5415213512431984, "36": 4.186496734407774, "37": 3.622874481614793, "38": 3.337490471353151, "39": 3.8817522949447394, "40": 4.665152727692364, "41": 4.601227382672763, "42": 3.1631540811587877, "43": 4.411543164200342, "44": 3.8263514705974275, "45": 3.1130143307004943, "46": 2.6382514309848597, "47": 3.9842776908278372, "48": 4.892560314602913, "49": 4.027377876504702, "50": 5.778478249970111, "51": 4.983077332408891, "52": 5.24904407132116, "53": 4.545983698368199, "54": 4.468920019828409, "55": 4.97271529304739, "56": 7.316361648346726, "57": 7.478761160305584, "58": 6.663320543981008, "59": 6.673689511786837, "60": 4.983092410209581, "61": 5.8534195517139445, "62": 4.547877348463584, "63": 4.470621467001665, "64": 5.076489798790029, "65": 5.932198352951743, "66": 4.158167106576567, "67": 5.068119749455046, "68": 5.814178445775498, "69": 4.5374387599625585, "70": 5.88518397267258, "71": 4.336069720522344}}}